
0,[2.3006232136825564, 9.23188479846845, 0.8428964810749543, 2.7662406537472393, 1.062379367104323, 0.005842123597113661, 0.18863783751502994]
1,[1.9365367328428518, 7.957023109067388, 1.0730930028817234, 3.0776421696036786, 0.9410281368238352, -0.0025272692139443587, 0.2003565056544605]
2,[2.2314579363239186, 8.686849610699323, 0.995715429781475, 3.179434374875491, 0.948519741676102, -0.00854016304196369, 0.2213695438241498]
3,[1.689892717004032, 6.861648510039765, 1.0365581358906653, 2.859795468640121, 0.9732660300796208, -0.002765142383997318, 0.20000339772740172]
4,[1.914665377996834, 8.150889659662337, 0.9558118597938926, 3.008081155512837, 1.0057933080116916, 0.0022899181742183283, 0.19877936518998102]
5,[1.9852440917782606, 7.796607344272447, 1.0096211563553372, 2.942240285102817, 1.0679230301984286, 0.006172697178248204, 0.18352588279526527]
6,[2.1477779672975466, 8.3971629829865, 0.9191390706962641, 2.7927194766619583, 1.0607818752932556, 0.004471398847620516, 0.19388959900712194]
7,[1.9568315710037913, 8.049459010684032, 0.9348679758996027, 3.029708857929368, 1.0537617541142592, 0.0069030847470176945, 0.1850050690859174]
8,[1.9794265799095199, 8.09551058088866, 1.0689659717077675, 3.0502071920102307, 1.0013951080692487, 0.0058605493214254015, 0.18394209479586332]
9,[1.9504803786701954, 7.514372376239535, 0.9310946382186083, 2.9490038213368015, 1.0687154512432007, 0.0006564572613430396, 0.19145860534182613]
10,[1.8576918826099755, 7.170103784254949, 0.9438151382528083, 3.0696188389138763, 0.9990080674832642, -0.00382158179321953, 0.2094138808491719]
11,[2.238747007649907, 9.138303191832202, 1.0678844893297752, 3.0065583844633994, 0.9718502503015352, -0.0002280631494401868, 0.20434918277420902]
12,[2.298213200795485, 8.83567644330083, 0.9512179448953324, 2.9345757204981404, 1.069403790180656, 0.006359264920017009, 0.18527331320875312]
13,[1.954553324289211, 7.907098866367854, 1.0043963294147846, 2.8933590855212494, 1.038960816055635, 0.00027452644379164117, 0.20058966254386357]
14,[2.051856331057288, 7.897206490457634, 0.9345918507834816, 2.8674348260851934, 1.0579336193613966, 0.004478172839247588, 0.18464915010839644]
15,[1.8117906529714423, 7.400296286441232, 1.0237045949156192, 2.9480356014214895, 1.0288236906014763, 0.005708281975495698, 0.18978608381555492]
16,[2.450367274301632, 8.884114486397028, 0.90681575167694, 2.918463129082465, 1.0236836172227777, 0.007106620385232953, 0.18945979521890138]
17,[1.9405267668967245, 8.056883383398578, 1.0594148646226345, 3.0390651675977662, 0.9958672834669823, 0.0033762530817544696, 0.19288856992193873]
18,[2.2037104002738337, 8.137545560270116, 0.9371667272585646, 2.847942795581154, 0.9765593577643609, -0.0036184205339954752, 0.20996392960346197]
19,[2.0049652391136874, 7.741747328444795, 1.0415047028596645, 3.1239120835662546, 1.0736374565203584, 0.008513389196281439, 0.1830429926419683]
20,[2.291664050906473, 8.9440422966947, 1.071351875570394, 3.099817557235645, 0.9495675576493717, -0.006911639610885548, 0.2180937997800925]
21,[1.914213562629628, 8.033587913126393, 1.0848875307233417, 3.081758707485065, 0.9970548080279149, 0.005076159077231101, 0.1915775323437472]
22,[2.143991848450428, 8.55565423565334, 1.0175916290479161, 3.0173494062380963, 0.9479108166737028, -0.007010419501851187, 0.21543177658258889]
23,[2.215839498165092, 8.987207011186541, 1.1245679857205593, 3.0683072767881714, 1.02876104349367, 0.008230872296193091, 0.17832658158183945]
24,[1.8924707248698927, 7.877868955695702, 0.8061086610934765, 2.654243278483041, 1.1317223181054734, 0.01609852313555418, 0.17472466953095162]
25,[1.9949566343398102, 8.064308823609537, 0.9875939114581191, 2.942748904149879, 1.0170878014366638, 0.0017405602035813776, 0.19076835653875368]
26,[1.9115291476695737, 8.068722375654792, 1.0432747117164183, 2.9603769882776234, 0.9999935840516959, 0.0029898118795203426, 0.18930364484367357]
27,[1.9391468108735013, 7.715129332161701, 1.024617862414067, 3.098373715466503, 0.9221588601064399, -0.004794257875828429, 0.20667330937340667]
28,[1.8858972735128914, 7.264258028457333, 1.0977230888540013, 3.0997104631664896, 0.9457965318181153, -0.0028543348389181086, 0.21017608798065573]
29,[1.9118361664207728, 7.661724276254304, 1.0257602549044875, 2.9769488885318602, 1.1168170852898451, 0.012171119874511733, 0.168916098690702]
30,[2.557566381710885, 9.662606222955915, 0.8889627428628837, 2.81279835164802, 0.9952796055499132, -0.0013353152430445078, 0.20057906850990254]
31,[1.5209574694577594, 6.698235346113293, 1.1838824420144793, 3.3199483240133922, 1.0773315588607797, 0.005808152797802571, 0.1912661807895211]
32,[1.8678906166798253, 7.385156658948772, 1.0296370646505368, 3.1463755949120134, 0.9898841054502818, -0.005221606233548626, 0.21485025603138158]
33,[1.8946344917900382, 7.468154660039176, 1.1127436694855788, 3.0808516551412426, 0.962058617036388, -0.004071336694204464, 0.20969602366535145]
34,[2.3788430026619363, 9.342513532286777, 1.0001378830162164, 3.052380281547982, 1.0801837861954067, 0.013507912564446221, 0.17652085036365564]
35,[1.989619269027228, 7.789063280987794, 1.0248740177014477, 3.026763992666147, 0.9956153168162412, 0.0017093865708747928, 0.1979720912593479]
36,[1.8722156252436646, 7.844950161817246, 1.066623732232556, 3.1959317065948025, 0.9930658141676316, -0.0054237254852107265, 0.21316237703792787]
37,[2.361841836524355, 9.349853105827327, 1.1159575620099278, 3.105974720542057, 0.9857409652105728, -0.003948302549814268, 0.21498972105274278]
38,[1.9322403883627233, 7.488548862194744, 0.9729808926676917, 2.9485117823669573, 0.9242728278444844, -0.00963426970864511, 0.21749981989822742]
39,[2.3638787575024924, 8.553328092954672, 0.9553247950043346, 3.025436821915978, 1.0444202030003693, 0.0032697957611462626, 0.19499655632666055]
40,[2.2252858102179265, 8.51036716751911, 1.019976176499799, 3.011695383475906, 0.9941682538967049, -0.0011673255949693601, 0.20066152824810696]
41,[2.1545045729152057, 8.333240157792355, 1.041935177218156, 3.1776590458346576, 0.9791890947957663, -0.005309440732027497, 0.20986489765716243]
42,[2.1709065292864675, 8.960981405108443, 0.998917294802937, 2.9740076100529946, 0.9853658220358398, -0.007031411442588464, 0.2117553767300774]
43,[2.2150081685196645, 8.217921150069095, 0.9656748997943411, 2.8727081059219657, 1.086412841476801, 0.0055149509000785015, 0.18095970823567076]
44,[1.887467386930957, 7.2951868449094315, 0.9851017931659658, 3.037572300798921, 0.984077950898478, 0.0003110704876869113, 0.2044021984431969]
45,[1.864807442177475, 7.988655515394028, 0.927358582602793, 3.069906638667444, 1.0577530139873201, 0.004790955662197506, 0.19583651830195767]
46,[2.2604210846363264, 9.10836374333843, 1.0004599400602097, 3.0529755616589362, 1.0488262376838196, 0.005340274979819367, 0.19227739032590552]
47,[2.1987154625693583, 8.633703913551601, 1.0602225654309463, 3.13846309926392, 0.995822079352211, 0.004426555501556194, 0.19126266318417948]
48,[1.7939539710708206, 7.449076714442742, 1.0041930727283168, 2.994517550675786, 1.0092201779415535, -0.0012252957065032515, 0.19502776287682444]
49,[1.9283927293933414, 8.085656371499839, 0.998732338224288, 2.9854630939016134, 1.0346854986813707, -0.00365010364295343, 0.20246862527746923]
50,[2.3083928871769674, 8.505570654694562, 1.0611331665626214, 2.9796165881115857, 1.0529278709542629, 0.007593052291879581, 0.1805030958751334]
51,[2.1329533679417243, 7.659270966261936, 1.0308015010813123, 3.1940039909991675, 1.091114971107856, 0.010467463376522023, 0.18103537249856272]
52,[2.4572985735949455, 9.22047522862245, 0.914231340979237, 2.8877411574929943, 1.0771665472658776, 0.008067571858973168, 0.18155460660592432]
53,[2.5614046448563426, 9.45370016785225, 1.0501437187998772, 3.2458718519594125, 1.0430564856116904, 0.0056613679406321065, 0.18975722164926256]
54,[2.7524652802326197, 9.836618670164919, 0.9051980714770186, 2.808162113905827, 0.9994582296777841, -0.005818570685876653, 0.2078359128743279]
55,[2.0645442063156882, 7.8146231425637325, 1.0191251302094635, 2.889504073490398, 0.9932643154101095, 0.0019507327985481828, 0.19481774701193555]
56,[2.1052705240423295, 8.924477933984797, 1.0371532097262435, 3.0931757913014586, 0.9059250316832003, -0.010911750444136016, 0.22981295947450908]
57,[1.339260427486872, 6.254334707305396, 1.0257033815273378, 3.07620086029623, 1.0045760111235198, -0.0012372509754965016, 0.20408534414650767]
58,[2.2180577011739384, 8.74212688043796, 1.074540358241025, 3.081927527613763, 0.9567040684922024, -0.0030474288928359202, 0.2094051399843371]
59,[1.9528606977767868, 7.8984921946951125, 1.0476379915460077, 3.0286207007365316, 1.0588766029411776, 0.00526208360205193, 0.18542572291525738]
60,[1.8181137301986958, 7.642444419023741, 1.1646509862009906, 3.2558598669977274, 0.943521835569251, -0.0035964302046388895, 0.2096614774139133]
61,[2.0940030930236313, 7.965373202965537, 1.0114621191144273, 2.832071418831732, 0.9806622525726997, 0.003835720872397447, 0.1881381427380031]
62,[1.8908055271404516, 7.71984313480755, 1.0395433096006148, 3.0887376521169605, 1.0104246924688205, 0.003917073710476271, 0.19040019873464997]
63,[1.92156224109142, 8.545807698661113, 1.1144555187720604, 3.251108385754849, 0.9736878255150906, -0.00019425634785503066, 0.20344282568525515]
64,[2.210491429406525, 8.768139699891318, 0.9404005012673635, 2.900103416655595, 1.0019437195127725, -0.0012650472303136731, 0.19724050320488629]
65,[2.058317735267893, 8.317648916794234, 1.026982489712029, 2.969730894402598, 1.067735755061222, 0.00915715413006078, 0.17500267073795872]
66,[2.3844827166633356, 9.547838936156918, 1.0076562115854375, 2.981916243045201, 1.056227301233873, 0.010939055885015902, 0.1750442567779874]
67,[1.8243629972293993, 7.637968972307109, 1.0186844059388553, 2.944031761113253, 1.0349687632629208, 0.0040204337624736445, 0.19277771268016092]
68,[1.8828018829531907, 7.45932379285406, 1.044734665319084, 3.0966984564777897, 1.0320337868370952, 0.005662988700444139, 0.1946834242347634]
69,[1.971740308181988, 8.066814442056652, 1.1156883599597882, 3.2868163730631954, 0.9126131082251802, -0.009380963296921965, 0.21779917021417172]
70,[1.9047819244045783, 7.490752413556671, 1.0607565138785475, 3.0921644546117264, 1.077697446850298, 0.0119708386570567, 0.1750896460822791]
71,[1.9651859034255004, 7.374185218459053, 0.9642803730043635, 3.1940931057708744, 1.0101055821119476, -0.0007491604252352906, 0.2002827587213032]
72,[1.7340700629455805, 7.242074770053108, 1.0725380304557082, 3.032675821220433, 0.9026721246912338, -0.00465640635442601, 0.20879400220755562]
73,[2.1736796746741667, 8.835207622058423, 0.9727372971326183, 2.913698336235841, 1.00775344679882, 0.004872124094949979, 0.1944769509397787]
74,[1.9763908941845858, 7.921480047312544, 1.0716919818535875, 3.277072857877658, 0.9564883726573352, -0.0019909799602902192, 0.20503081939855805]
75,[1.8938132312986766, 8.078247598005104, 0.9916618110706612, 2.901882131124913, 1.0186521137822486, 0.00141665289258349, 0.19505370530440252]
76,[1.8566120851554042, 7.548038452118041, 1.0334013546479635, 3.1182287215444053, 0.9937018103916602, -0.00016334443006943812, 0.19903159962038897]
77,[1.82698862599787, 7.585044484082536, 1.0189083763803248, 3.152129742945921, 0.9975302876244295, 0.0012864776847356391, 0.2047185792831472]
78,[1.7457821226281003, 7.444237285333162, 1.1032084129690038, 3.323240096628349, 1.1185575581308616, 0.020619541744079255, 0.155282809060512]
79,[2.1551751089761453, 8.457463353313472, 0.9822436223118982, 2.959286128757074, 0.9416368939355859, -0.012983428119905075, 0.22202630881918684]
80,[1.9395354934137734, 7.559903540036578, 1.0346801572922475, 3.131052238289699, 1.058977327057727, 0.006136199697346725, 0.18692142154977237]
81,[2.4249095998932284, 9.487713747983099, 0.9622084951762732, 2.9609107316119503, 1.0305294925960726, 0.003985188649772617, 0.19316292045569974]
82,[2.2078730404742593, 9.0128888163923, 1.0290599620086505, 3.0071708063083844, 1.0777403751671828, 0.006904170276939115, 0.18332299593374884]
83,[1.9715092560472944, 7.803481888149568, 0.9943600214718201, 3.040098358458535, 0.9467146040496845, -0.009755206135087482, 0.22493336143963794]
84,[2.0712831386616615, 8.375072139892001, 0.940416707108205, 2.866850138065149, 1.051928607971676, 0.001112406533428348, 0.19329665428609755]
85,[1.7159317843355333, 7.567856350851249, 1.0981348352357054, 3.0884890233115767, 1.0330414529181424, 0.00925389791416042, 0.1812051834045354]
86,[1.9166665318046725, 7.396405993866394, 0.9989646922508097, 2.915302658157101, 1.025683557837536, -0.0014625269905097576, 0.19998880512518014]
87,[1.957117594406363, 8.041512020445431, 1.0740394311179369, 3.044977305749161, 1.0349282269614155, 0.001817347244540324, 0.18542618989766724]
88,[2.308891386081232, 8.76639891488231, 1.013243741572817, 2.968750236240723, 0.9776407883578291, -0.0009263359097064652, 0.19980496851242324]
89,[1.7412648605345127, 7.4312023135675025, 0.9830716596352344, 2.9908745003048036, 0.9922024823041456, 0.000261431735994802, 0.20393510611764837]
90,[1.9936802774427425, 7.971592490076849, 1.027841613776341, 2.9735118919867625, 1.0267778896049011, 0.009104534612443819, 0.17987926382670638]
91,[1.9257336843065904, 7.744153427346413, 0.9549057942038139, 2.9399168529053012, 1.0227039033779193, -0.00446058592226217, 0.20866415346415457]
92,[2.238764261614624, 8.714464200752476, 0.9933078157440988, 2.9651545928872833, 1.008047972303751, -0.00011035066809057239, 0.19815737600662764]
93,[1.9362974934653059, 8.216837771177492, 1.0057637087710902, 2.986728555332313, 1.1040341268344722, 0.014898053888518512, 0.1740077303113036]
94,[1.9869617628402512, 7.784740825752567, 1.038275594351708, 3.114158684832017, 1.100059629588012, 0.01293631466432598, 0.17691813975824083]
95,[2.0016680591934777, 8.121361098811358, 0.9929668609491415, 2.921555535382772, 1.0137614092667377, 0.003686144920926246, 0.18906846223935359]
96,[1.8396012799809207, 7.803403492131223, 1.0881321820748864, 3.1425833414781894, 0.9971247707257386, 0.0003719733540973572, 0.1951039865486952]
97,[2.1746449515556585, 8.371514018340896, 1.0982123318342036, 3.005835386895925, 0.9679121310533263, 0.0068684434443555984, 0.1847448255948031]
98,[1.8490740821182057, 7.765703612000579, 0.9631634428046453, 2.9203500616268063, 0.9955769889056473, 0.00089303655103025, 0.20492470257805623]
99,[2.027530718194482, 7.506963369696984, 1.0673119468783616, 3.1259750313709302, 0.979286514401215, -0.003176912093097813, 0.20581724127608333]
100,[2.1286667012444966, 8.111610397806126, 1.1089847455201236, 3.1892954314802693, 1.0274223022107234, 0.004743327263895099, 0.1864702303154684]
101,[2.0789371969402874, 8.215888003750088, 0.990702626367622, 3.1241286659783802, 1.0027307197708561, -0.0044548408321730465, 0.21432184405035226]
102,[2.192248798308503, 9.124712651690695, 0.98652260210331, 2.8650762776336687, 0.9698465609767009, -0.007132681662613937, 0.21846761919975238]
103,[2.2111753206752414, 8.65445314810878, 1.0922473945970026, 3.2101203621931047, 0.9590217171414251, -0.005317135473964981, 0.21415691943237986]
104,[2.0649154158757703, 8.378981429853043, 0.9526502239750932, 2.9445675755074707, 1.0174524267697855, 0.003999603689891054, 0.19510653551898513]
105,[2.222673130363065, 8.616221476407425, 0.9588425430142, 2.9186893381280647, 1.097192167336292, 0.01209707816360147, 0.1725553795567698]
106,[2.237452377612854, 8.381364996675325, 0.961486990240813, 3.0042491463267513, 1.002339727618451, -0.0014961651066888368, 0.20486150261288438]
107,[2.334481467565325, 9.195426542687693, 1.0079850015228216, 2.938435819026839, 1.0985501555413484, 0.01179962056790148, 0.17378502632753584]
108,[2.4785689190030578, 9.020641883387812, 0.9873004693231516, 2.9359833118644683, 1.011079208943257, 0.0015888106300122097, 0.1949054271088787]
109,[2.094879897442152, 8.491174847881435, 0.9927351906140107, 2.7946998030862233, 1.018228024730884, 0.004711582867319629, 0.18681119100369714]
110,[2.03841952027709, 8.095331622502608, 1.1162139470152805, 3.0912361442831937, 0.9953218533249641, -0.005315798140288781, 0.20988870867911624]
111,[1.8142452638604205, 7.129513752064546, 1.0341891199880042, 3.099178352808719, 0.9704557681621828, -0.0028627078994032627, 0.2053485331720355]
112,[1.9569817775532414, 8.116491526526632, 1.072244516319781, 3.0325794457797515, 1.1126746384970607, 0.01105234531147282, 0.1751998895721638]
113,[1.5208772873952865, 6.374876572149215, 1.0144346596790592, 2.9268326318818643, 1.02801368263542, 0.006152783700329031, 0.18485821416091297]
114,[2.2300876481651772, 9.084062845657762, 1.0951847494398461, 3.2270782607055586, 1.0607967542313772, 0.006580757049495381, 0.18527690366782495]
115,[2.205230135084325, 8.700252840860609, 1.0559193780560219, 3.049347372581087, 1.011182719425297, 0.004365498896565568, 0.19481750692161784]
116,[2.019184146159945, 8.294515312031498, 0.9848677643929746, 2.8591829200577905, 1.0885612645055993, 0.010766229358807507, 0.17691476722432242]
117,[1.9363765564819062, 8.360189840630202, 1.0010792709492486, 2.909546030158584, 0.998433490196747, -0.0006675015606683602, 0.19669988366649083]
118,[2.046762026977689, 8.171752831566897, 1.1253460226862115, 3.129279385512019, 0.968958381887458, 0.00033163681120097966, 0.1982623424387182]
119,[2.0572490393470497, 8.622705855223005, 0.9496788615047422, 2.9014665026828768, 0.99719292888481, -0.00262702449073448, 0.20617881577065136]
120,[1.9762053227272236, 8.361648886739621, 1.0956159910684073, 3.1159617746169643, 0.9610364526678488, -0.005934015462356596, 0.21560082558940588]
121,[2.118776073514531, 7.965778795413153, 0.9766877638110758, 2.9081443740444364, 0.9759579103813183, -0.0009298827935234103, 0.19828973620488144]
122,[1.8776425114283828, 8.220571877863136, 1.1357117679291273, 3.11604221526549, 0.9652378255645363, -0.0006962118277393586, 0.20000241897760174]
123,[1.9502425956150613, 8.455159095316938, 1.0235640698028494, 2.9671909601640265, 0.9339516882630428, -0.0123555723961375, 0.22257339578634183]
124,[1.8074136607999747, 7.1557573887936226, 0.9779531339176332, 2.953802736206746, 0.9288046631740419, -0.0024651598158838125, 0.20470628602667695]
125,[2.579286096562996, 9.789957519970972, 0.9303026139828263, 2.8068903464990647, 1.0874353238693517, 0.006757245477019823, 0.18327637794601936]
126,[2.340242514590065, 9.35088305631536, 0.8132103449435167, 2.5799706554396384, 1.075182356018864, 0.004628104542225131, 0.19350154831851454]
127,[1.9217020101612863, 7.992918846217894, 0.9883926743994602, 3.064118161686348, 1.0103483962393398, -0.0013866252475103092, 0.20148275928625248]
128,[2.3482896665808743, 9.292240648465308, 1.0576677280284092, 3.0348470003488974, 1.0230743722715885, 0.0025847449922841758, 0.1992585498366225]
129,[2.1843139288476325, 8.654656947571171, 1.0048905730129927, 3.043227571999082, 0.9826642290783155, 0.0002154662861125431, 0.20159965819852277]
130,[2.106924577377849, 8.209217663123447, 0.916969809560119, 2.827098934471714, 1.0634209234926395, 0.006777745269115528, 0.1846737054412344]
131,[2.2562113187901005, 8.682820416577185, 0.9679909462481172, 2.9565176358864638, 1.0196320036764839, 0.0016185671214540393, 0.19004249000251894]
132,[2.0644810579026625, 8.076395538208985, 0.9620464682778713, 3.0498106865357744, 0.9457755119680864, -0.013680664911095885, 0.2338731762858933]
133,[2.0994378143367096, 7.998894580751999, 1.1356491621657514, 3.096422726338219, 0.9683749701899149, -0.0031303529692986954, 0.20828962414779303]
134,[1.892650884730467, 8.082168755502424, 1.017884419397658, 3.0640347330461113, 0.9824559671311383, -0.007070830648489553, 0.21064421112600323]
135,[2.0128461743300923, 8.195427073542133, 1.014677617923352, 2.9129964971358184, 0.9707410744025927, -0.00161116961759932, 0.19748928180705272]
136,[1.6959578613217554, 7.061376283985738, 1.0524105088207718, 3.0947846864370843, 1.0114249583543977, 0.004189334883868434, 0.19497740151220067]
137,[2.191050993099121, 8.690860299994434, 0.9532950983164807, 2.755144208622661, 1.02689978479145, 0.005335937075059579, 0.18507481593620642]
138,[2.368381346532546, 8.932109090210261, 0.9259517091611478, 2.748412799903336, 1.0348424875673787, 0.0028953236163261767, 0.19372930134474475]
139,[2.18539781248611, 8.184081975640842, 0.9521558140428813, 3.062045748608582, 1.0645306274083484, 0.0024032599660307676, 0.19548505444538056]
140,[1.9142277286561658, 7.791656504666711, 0.971592788668607, 3.204022902734831, 1.012352805206231, -0.002633689965560346, 0.2013109362802672]
141,[2.048165441352579, 8.701947615427063, 1.1614445030326588, 3.2410854677068386, 0.9908131594876917, -0.0032743465895058227, 0.2050162097049489]
142,[1.80203194062, 7.72059424314156, 1.1277278623699083, 3.0139778068723473, 0.9715866654113228, 0.0016776850268125421, 0.19496240297538803]
143,[2.085506422787513, 8.361970234999632, 1.0367329967106549, 2.928970546043781, 1.0471589025611137, 0.00482491557618508, 0.1899713385589399]
144,[1.9514991680901845, 8.039914857386803, 1.0367626828709469, 3.052994250202251, 1.0839029257605552, 0.00965265197892773, 0.17503977326313902]
145,[2.4130692138010454, 9.473151649412149, 0.9895995423501037, 3.121074707537939, 0.9325524880188715, -0.007616430740100339, 0.22097534158421256]
146,[2.4565930214792426, 9.702989114531114, 1.0542575347921783, 3.0375557371248125, 1.0557150440743055, 0.01065088165386438, 0.17750354653688635]
147,[1.7263635512868725, 7.52078089000564, 0.9115975253968164, 2.8503391812503343, 1.1114058511568068, 0.016166923362448307, 0.16172158276880955]
148,[1.8482094540618574, 7.718109004060777, 0.9942087875979926, 2.933531938778587, 1.034429468847085, 0.01221334830001983, 0.17531195927670112]
149,[2.1391478603909686, 8.632149945150417, 0.9570117765125616, 2.9266878054253396, 1.0285282881636912, -0.0023569178731582606, 0.20323928943498623]
150,[2.0483797780129382, 7.8970066779082115, 1.0334462820612764, 3.0608054017284716, 1.091952532768799, 0.009625355577428532, 0.179965783978974]
151,[2.19662205480669, 9.202371152350215, 1.1686123936414219, 3.197001505296261, 0.9158517125876507, -0.007867434402575936, 0.21391490067539343]
152,[1.9762651817946357, 8.139112165033328, 1.0821999910347857, 2.9676857538858057, 0.9688291780758268, 0.00031472845053872526, 0.19999400859216143]
153,[2.4498964738671494, 9.154537294170263, 1.0002849930781212, 2.990830769742916, 0.9666615688747567, -0.004819003774911926, 0.21222931330927136]
154,[1.9849967091955167, 8.76048602164038, 0.9541265589662341, 2.8931308609485575, 1.0330293465527574, -4.408031952871495e-05, 0.20028618155389996]
155,[2.1687515896321092, 8.429426168071931, 1.0068571990930852, 3.002854230473969, 1.055653614188776, 0.012201577353627736, 0.17555579832624846]
156,[1.5240614545839513, 6.472478500464239, 0.9987489605307338, 3.0858747306388414, 1.0037356097125105, -0.0022118823968691804, 0.20000299703862218]
157,[1.887478707095111, 7.822199388944214, 0.9645412371901245, 3.0023409310026974, 1.0188483305387923, 0.0069225331573198575, 0.18719405525624577]
158,[1.9278352677489874, 8.045026851507759, 0.9805259618531997, 3.010182421869298, 1.012973260780015, 0.0011741751603360866, 0.19819337055469022]
159,[2.0112896104766462, 8.5988814889813, 1.1816579303641923, 3.1732037364961605, 0.9749698268196905, -0.0014051125040792283, 0.2006907086276779]
160,[2.4226600575365715, 9.556790800214642, 0.9359383369116278, 2.839301883750503, 1.0318773078826378, 0.007754887573115101, 0.18921818062085]
161,[2.399095954849664, 9.141550923589067, 1.0314478026488745, 2.9679109900923066, 0.9923063434571118, -0.0022421276590758525, 0.20007823806495778]
162,[2.380675846304565, 9.937638415036295, 0.9752904766409579, 2.930192615035714, 1.0054891393418668, 0.009928708424731808, 0.18004531099152973]
163,[2.1901224844946507, 8.274981170707452, 1.0369188000236156, 3.052831663683446, 1.0332706743529623, 0.0014275943298407202, 0.1951720395202153]
164,[2.11187584159307, 7.609344284944666, 0.9552189526208688, 3.0268731891784246, 1.059388006096025, 0.008464783672108083, 0.18482992130700768]
165,[1.743355450828072, 7.202814712733309, 1.0455444733042916, 3.0065056064077065, 1.037551360958268, 0.0023688065102069546, 0.1935344732944853]
166,[1.9318578773476804, 7.955907704077827, 1.0434348674171445, 3.0046906828206796, 0.957765805101001, -0.002622352358022222, 0.2138841294613125]
167,[2.0276815743570964, 7.691097733073291, 0.9208672145517225, 2.8545727495114583, 1.06144074070677, 0.006481501211551109, 0.18284665240883868]
168,[1.4716501846823846, 6.364841274920449, 1.0655201330766382, 2.984796145612706, 1.0612139983354363, 0.008535493048713642, 0.1824925944931292]
169,[2.1308119448734852, 8.706830703071159, 1.0580768449672904, 3.025838201964075, 0.9404471624295948, -0.0070276300293870735, 0.2148282606139772]
170,[2.045645623865236, 8.705173485585957, 1.0969472705812595, 3.122397757350276, 1.0372772195091113, 0.006947726145117348, 0.18841185665642618]
171,[2.330204963961775, 8.903800033964416, 1.1312759265319476, 3.1095213437036553, 1.0534730742182683, 0.006450130804831633, 0.1804742807799714]
172,[1.477374455894376, 6.443893465886027, 0.8710338886692399, 2.9302377815573193, 1.0738368096448743, 0.010013964400778008, 0.18454412747034768]
173,[2.007071468889255, 8.181250414165735, 0.9507149796236645, 2.8392085882423723, 0.9758800258074708, -0.006185281056681174, 0.20541301186064065]
174,[2.1254028529500437, 8.69156739399466, 0.9545693653967896, 2.784933239934948, 1.0407408861832954, 0.006581536577919217, 0.18911799442327082]
175,[2.1664616451333685, 8.359077071456843, 0.9671376785978294, 3.06186703029981, 0.9945663009422002, -0.0017368311553631092, 0.20921968583084585]
176,[2.4751991784877436, 9.074708636587506, 1.0690183913214757, 3.169951659762669, 0.9982108284224976, -0.002755903250481497, 0.20623939139152406]
177,[2.425431679179397, 8.577870447602542, 0.9896283377669998, 2.916330932678717, 1.1750634465209417, 0.01796348484514914, 0.15968488497462063]
178,[2.1145410199921812, 8.445703882933515, 0.9598329775811345, 3.006261715135174, 1.0399811853312075, 0.0027317943579047996, 0.1931734416758255]
179,[2.2338975329283333, 8.913038727891012, 0.9892922721870148, 2.984663972770509, 0.9655854166139543, -0.0017101946732583056, 0.2030228828246572]
180,[2.1097947390834975, 8.529964419354574, 1.123236489422397, 3.1689158586966024, 0.9687502015405771, -0.0001998341409947825, 0.2067704645265403]
181,[2.1254383735684335, 8.353811501773, 1.038962972923779, 3.066602954798343, 1.0330709465882761, 0.0037635121172520276, 0.1900113635367797]
182,[2.300575949147202, 8.783951010842198, 0.9238153554253824, 2.8501480946782984, 0.9978854973433614, -0.0005388262046261829, 0.20089420213719036]
183,[1.8863973697356324, 7.8360445578387345, 1.1359417721306253, 3.1584593045237543, 0.9951167498127893, 0.004000879778129398, 0.19636092826783408]
184,[2.215150343796581, 8.531669274548333, 1.0156700177954647, 3.000221141735472, 1.037706421754245, 0.004393851024591586, 0.19192300981870705]
185,[2.13464492890324, 8.395081478652127, 0.8876435218551332, 2.968783191821723, 1.0597551813693005, 0.005008013407699819, 0.1913604294635459]
186,[2.195062393461384, 8.533860342305852, 1.050145238576999, 3.0645363874395195, 1.059394767335538, 0.003181801844650349, 0.1904901725839662]
187,[2.6665089487969853, 10.22983844653318, 1.0648422497910386, 3.141091579777368, 0.9246254851465211, -0.010086422391563144, 0.22512572358519184]
188,[1.839887944802605, 7.406699895013222, 1.0384403003232883, 2.890944246416229, 1.0285567924390462, 0.004800292860861168, 0.18500908663989224]
189,[2.080229578021156, 7.881326566843348, 1.0166063887936205, 2.967568887534144, 1.0202555579449601, 0.009227225343735861, 0.17847384295713287]
190,[1.9368821812859185, 7.723914447245802, 1.1441380421027323, 3.3565536129778737, 0.9771615464756959, -0.0009737526507249764, 0.20896743165581508]
191,[1.9372805242847397, 8.165955370233336, 1.0461698671771968, 2.951743735979353, 1.0571883374364923, 0.010304955192389904, 0.182591338550675]
192,[1.6724927379041183, 6.857359585636032, 0.9512032570122336, 2.920726103126158, 1.070351129456471, 0.005741291464824258, 0.18717567821210054]
193,[2.022883384546205, 8.164768062651381, 1.0855027768974213, 3.140103893805398, 0.9792761297731304, 0.0003042141302685365, 0.20231948352127707]
194,[2.100383034489646, 8.482771569156071, 1.121504856859673, 2.9814237680519744, 0.9796368868761153, 0.0018330015163936573, 0.1949603741037762]
195,[2.0041872567076444, 8.321729123959246, 1.006233772925303, 3.096662246798752, 0.9576475141093479, -0.005937292970542669, 0.2199850451388311]
196,[1.8211014048967773, 7.466619807566073, 1.012204859193386, 2.9577225708335306, 1.0591587470880313, 0.012488411066984794, 0.1723704209597492]
197,[1.8585948498749165, 7.686291588224641, 1.1053379563766543, 3.0744881967591144, 1.006595406125441, 0.004025785536705211, 0.19961694178992778]
198,[2.131408964989121, 8.286010122399821, 0.973452532683635, 3.040977201622965, 1.1157853757451195, 0.009491087104341926, 0.1845751086953088]
199,[2.070595882771514, 8.376584146514157, 0.927603730276152, 2.9095733994215816, 1.1057853093867325, 0.011454116078174316, 0.1741680057502344]
200,[1.7880480933511045, 7.4004571539644814, 0.9900929886775395, 2.8456380022303294, 1.0210749620124664, 0.000993683120107993, 0.1919560011816206]
201,[2.121843953178781, 7.73057852782694, 0.9683016053932925, 2.9594912378071223, 1.0767710028735165, 0.009166856151039359, 0.18454455033456799]
202,[2.3571801003015835, 8.889538966438828, 1.0405232018129955, 3.071652528588824, 1.0248805631295177, -0.00035632295275063783, 0.20429980223642794]
203,[2.1280181800168054, 8.200897577029153, 0.9697015981136156, 2.946583129547721, 1.0421614263834325, 0.0032898042967249973, 0.19290522426652845]
204,[1.8486599527178147, 7.626023008908798, 1.030013815563856, 3.038821040686928, 1.0385687753330397, 0.0054424367242002355, 0.1903041214807305]
205,[1.8303139868440528, 7.521424402199147, 0.9988124967542173, 2.8909219665732695, 0.989809850400489, -0.0007648238747834962, 0.19474167048766444]
206,[2.0146676567354094, 7.914686157996927, 0.8576007011056446, 2.770398656275228, 1.0167733680270814, 0.0008231656037135718, 0.1995448865193683]
207,[2.613656563364541, 9.91712296772219, 0.9391186943366538, 2.8429431463284596, 1.073973820183192, 0.008767561629744632, 0.1838323290514392]
208,[1.8292881020294602, 7.6746477546289835, 1.0298955821363125, 2.9726067275477104, 1.0562995070777077, 0.004010708281070703, 0.18863325177186552]
209,[2.2148276926581376, 8.260929450181537, 1.0281126083761634, 3.159838757940113, 0.968455118899741, -0.002418682495039044, 0.20998090450217544]
210,[2.2509980297631227, 8.759084455771326, 1.0353321781337348, 2.9705628366742802, 1.0428143279315059, 0.0039535670072335174, 0.19433016364463418]
211,[1.787943276762582, 7.444350262912464, 0.9753958709959439, 2.969528046994223, 1.0649655941820138, 0.0019483888428440566, 0.19493248191638135]
212,[2.0214662238749477, 8.258897202865231, 0.9971724651740759, 2.8362700209224916, 1.053596408183241, -0.002442869950906597, 0.2044633643728336]
213,[1.6334187490309646, 6.963506773900186, 0.9709518469675754, 2.918545664126748, 0.9984424047847328, 0.0012879960081536215, 0.19810319954088015]
214,[1.955226468017943, 7.875670135297554, 1.0252399390301903, 3.022412757533435, 1.0829495232513644, 0.002975622946536953, 0.18894462836793613]
215,[1.9942467214978374, 8.301325085276531, 0.909461488356481, 2.9749748657443194, 1.0273287695981017, -0.003901589176000201, 0.20511270055761288]
216,[1.9987794660158755, 7.78968090332448, 1.0633462967177782, 3.352779477504434, 1.0529439974167718, 0.006563061024987739, 0.19392538992182273]
217,[2.017263070176872, 7.9988652585124065, 1.0141364656679728, 2.8661137494148896, 0.9799875398040339, -0.0035529322572688026, 0.20544510124112436]
218,[2.284960485901342, 9.012548060413136, 0.9502805502086151, 2.856122676125831, 1.0690540517499252, 0.006809449014929489, 0.18335785080101308]
219,[2.014887714022687, 8.315310301076748, 1.002801352740644, 2.9968896238911578, 1.100542084514496, 0.014675984026354763, 0.1701728353841957]
220,[2.301161119609936, 9.113253253086691, 1.0824132725973605, 3.0329601999299176, 1.026045023176689, 0.004190874959065625, 0.18998954399258727]
221,[1.9603409704742212, 7.861110650884697, 0.9304815844047957, 2.8012661784541146, 1.082857664788939, 0.004116140572983559, 0.18283896837368208]
222,[2.0272131410267322, 8.538510235274039, 1.0290990293588222, 2.8561843520073875, 0.9993698874585993, 0.0007438797942397443, 0.1944235620212964]
223,[1.8685118907274756, 7.5484250511259345, 1.057024798961756, 3.0717385076433907, 1.028565967935203, 0.0005071938511205542, 0.19622509649632303]
224,[1.4763945192031402, 6.4475058733494075, 1.1138777976684735, 3.0762811659545197, 0.9964255441077751, -0.002217790037196566, 0.20528053210608624]
225,[2.0131799188558146, 8.291559530857224, 0.9100995340384865, 2.763300066530799, 1.0186175810581415, -0.0008592870632620995, 0.20459176837524728]
226,[1.7758113388654666, 7.401758421473198, 1.0746046577535464, 3.060028160398726, 0.9390357079206139, -0.0038086490006293094, 0.2108004058363003]
227,[2.258247132910879, 9.00760934460244, 0.9771926134926381, 3.037847681813585, 1.044258073879355, 0.0051753315377481, 0.19108995460901848]
228,[2.7224898542355445, 10.856343690000086, 0.9690060987390051, 2.8861813457316727, 1.0233117945306474, 0.0040700434338367545, 0.19195318514231252]
229,[1.9427835113057594, 7.910845959093684, 0.9938744904815192, 2.9337205665595523, 1.0038851731996592, 0.003689250607437462, 0.19002595195748634]
230,[2.131340726857758, 8.567512187366097, 0.9849129638493328, 2.9853529726016634, 0.9442325105637103, -0.009651518603856716, 0.22138631095003544]
231,[1.887137759802635, 7.8280233553689005, 1.020320886869253, 2.9916940266965177, 0.9878834566398705, 0.001460828074825348, 0.20459055110935212]
232,[1.7180541556375646, 7.412922852594337, 1.0087904625288784, 2.9668747144635543, 1.0299179696673326, 0.0012567005900688, 0.19371732145284526]
233,[1.895258687816067, 7.721512247778414, 0.9436426073120489, 2.9274163743844457, 1.0247956444464443, -0.001643981946269562, 0.2021453406980227]
234,[2.081788285358387, 8.547256060219361, 1.0257721682850396, 3.109156094676365, 0.9495027441510561, -0.01112644976277853, 0.22703715022115495]
235,[1.9007152839776131, 7.856746058942295, 0.9086836232708403, 2.7876242047855344, 1.0034903363487215, -0.0046036110241710025, 0.20022140240640396]
236,[1.5583056638296366, 6.513030199866482, 1.0913887475891804, 3.171982191798671, 1.0803338871261898, 0.007985693835458938, 0.18024881706544515]
237,[2.454728377073376, 9.471972487641667, 1.0070714709549764, 3.078372815248632, 1.0117064786055168, -0.0007028801607911479, 0.20181813588466474]
238,[1.8415223925462254, 7.603817947197599, 0.9691982677529348, 2.9797142741916676, 1.113727606666911, 0.01419543342875658, 0.17616650818116966]
239,[1.796739302833676, 7.549660772004686, 1.0332038028289265, 3.0176996941767795, 0.9729082131258967, -0.005342272744548664, 0.21476992358739008]
240,[1.8140810484401328, 7.480622195530519, 1.1094896187433612, 3.1283053028617664, 1.0106186588623787, 0.0005558716395821313, 0.19244269686100013]
241,[1.8786285528104378, 7.521764755613614, 0.9482157686308789, 3.066416246391742, 1.0910336670195182, 0.005885632002338063, 0.18011607930481266]
242,[2.064555623494972, 7.978456881563579, 1.0627413727484472, 3.20893818368211, 1.0472548028828463, 0.004477746946489651, 0.19301747056513785]
243,[1.549786814231419, 6.545303075340379, 0.9458348951577542, 2.9625266687275698, 1.0468245513983716, 0.0025025783165330997, 0.19525284559635941]
244,[1.9383471658355291, 7.8743135157040545, 1.1807351286146979, 3.257282483178428, 0.9733176284905684, -0.0017255507615976942, 0.2014342062356604]
245,[2.101118820886259, 8.515057290443018, 1.0290638916069317, 3.1759886532687123, 0.969185559464031, -0.01072777479687292, 0.22036042715104884]
246,[1.951186728386169, 7.954052832844019, 0.8841903629534725, 2.8096379814788977, 1.0152992904785278, 0.0024575205343719793, 0.19863049973156266]
247,[2.0635355740045895, 8.218204109221872, 1.0552304258344132, 3.159281139170606, 1.074656854398248, 0.007185253813661237, 0.18450377982579835]
248,[2.003175407172432, 8.176883732026928, 1.1006430719637221, 3.142434480915175, 0.979580390294947, 0.005657855353522788, 0.18521312463380368]
249,[2.115864595784883, 8.558320992528552, 0.902693336706955, 2.927377439266178, 0.968698681791919, -0.0038909448101295484, 0.2092793377339617]
250,[2.177365158742534, 8.421261251438338, 0.9633838758993107, 3.0720924280413646, 1.0722803773842384, 0.014238960470528382, 0.17428743660850582]
251,[1.854465040518552, 7.622800663271951, 1.1290558515540605, 3.332823140344459, 1.0535092345286148, 0.007392599729286254, 0.1880446970129302]
252,[1.9580231475343697, 8.153371404520518, 1.0572567642710053, 3.0047955976534175, 0.9939217785448023, 0.0007314850674846003, 0.19505652537267712]
253,[2.125315384922154, 8.339622557399487, 0.9994402277875313, 3.203277927327755, 0.9602926746706556, -0.006312996581526718, 0.21679875103912316]
254,[3.1698734830254933, 11.677575837063364, 1.0507336275393266, 3.0155373248241797, 0.9569847305083333, -0.00450832444464846, 0.21414071569944626]
255,[2.1734656819694798, 8.125784926826304, 1.093930903192401, 3.1237397797229423, 1.025995533946242, 0.007630089047899716, 0.18044727940392669]
256,[2.25568931604465, 8.461149617753671, 1.0080533249284458, 3.0121121261218176, 1.0010678475813835, -0.002214562895133688, 0.19551846525212413]
257,[2.186514663183911, 8.678013443794159, 1.012762853835838, 2.9534499413843776, 1.030558322309298, 0.001891003847445129, 0.1934286959106889]
258,[2.4434425046414194, 9.65998948900007, 0.9392596555554615, 3.0061306671784163, 0.9735665384022147, -0.00867073145248076, 0.21298402396604532]
259,[1.870874017082964, 7.544806964746744, 1.0306839356081456, 3.134215372859861, 0.9399650793228587, -0.010288426679640833, 0.22685415834029332]
260,[1.9027670928015339, 7.842427216374907, 1.043011044982535, 2.883804884507616, 1.0300138870946434, 0.003210872070529963, 0.19352041694456543]
261,[1.6910738549042128, 7.300696712870412, 0.992421588111629, 2.9669117400250675, 1.0740696392918283, 0.0059658613984132705, 0.18819536738691583]
262,[1.9122631092195217, 7.586488542499735, 1.0878176286403305, 3.306344001245136, 0.982069340651737, -0.002513531976621688, 0.20443862656141343]
263,[2.4570548897466384, 9.250187032567242, 1.1002246864648417, 3.1819169388106543, 0.9689833424572731, -0.0029407397419006017, 0.20866990206692393]
264,[2.146637638047837, 8.615508664514941, 1.0325521571448042, 3.006400987425996, 1.0135717778164626, 0.004732970256937028, 0.18501201425932579]
265,[1.9671857378612942, 7.575129471419325, 1.1273749321678648, 3.241844743322744, 1.0414339038679385, 0.010082568668334992, 0.17497642176076045]
266,[2.5297047389149245, 9.554072768478552, 1.109077945495518, 3.1380904904953435, 0.96053253609899, 0.0007523438052516071, 0.20063248205184547]
267,[1.773836277076529, 7.78387914623111, 0.9221306166052281, 2.752605241466596, 1.0750380771828512, 0.008754913984874461, 0.17824046758776768]
268,[1.868273136489477, 7.892042170263873, 1.0010962568193518, 2.907353963552999, 1.059565567222331, 0.00883558579737092, 0.1789876107830325]
269,[1.8419001575463705, 7.77486084108519, 1.0424628380557068, 2.983972226017537, 0.9892101501414394, -0.0009180013513487065, 0.20057315551382063]
270,[2.3376194897982594, 8.523465505002411, 1.0312362513753917, 3.0385315294850783, 1.037985567593108, 0.0025486021340321236, 0.1950241298866758]
271,[2.5142356547375075, 9.972785522215778, 0.9737872260331806, 3.0415066801295043, 1.1586699091241486, 0.013001153709047803, 0.17064293375299805]
272,[2.188283127906412, 8.78811976487038, 0.9373893158666908, 2.9033651788074497, 1.077146955430166, 0.009201787952158934, 0.18047097653486122]
273,[1.8360322760762195, 7.895225745634915, 0.9100207708297253, 2.906883264398897, 1.0716999896119022, 0.005576684942444524, 0.18828331440321391]
274,[1.9143707569894008, 7.743823912635233, 1.0816852956725265, 2.951484920738365, 0.9807294130880967, 0.0006560908766365019, 0.19486709562717175]
275,[2.1221557986008364, 8.506600094165933, 1.0494944154521018, 3.2679466472549588, 1.0095683280666823, 0.0008346547170405854, 0.20269207593898533]
276,[1.7332003549334551, 7.108896108228291, 0.9914923286586996, 2.903026165791164, 1.0002285193566312, 0.004544042847958897, 0.18957273895621274]
277,[1.7772999389890496, 7.052001309573358, 1.0391961797991056, 3.0171478828998577, 1.0720479692297629, 0.014979583833971626, 0.16575899697426977]
278,[2.2833328315881025, 8.933610280067827, 1.0152372215966727, 3.138101180384536, 1.0155843366508632, 0.0045385826063414104, 0.19092316793798875]
279,[2.3637829303545925, 8.845086031936308, 1.1116046381179252, 3.134800711483006, 0.9580275177788933, -0.00573332583679494, 0.21405918056961504]
280,[1.8404724114622413, 7.351094112256647, 1.0473415875078862, 3.169621486503755, 1.0305152400038518, -0.000553267199236382, 0.20075612828385545]
281,[2.282720406653853, 8.527850440397831, 0.9815029520482167, 2.979784126774237, 1.1333791189306628, 0.0071009478089366475, 0.18142935869994786]
282,[2.3359291301343985, 9.134305520303846, 0.9888451111643302, 3.019465970577804, 0.9810587307675809, -0.0027182628870402207, 0.20522145926856136]
283,[1.7790540374162944, 7.3814770702205355, 0.9371682445222318, 2.8106176361087307, 1.1823026692464222, 0.01670228882785106, 0.16002088467180342]
284,[1.6500831674945582, 6.583783388548117, 1.0692293787969238, 3.0371745930542184, 1.0185151471505665, 0.0007848730184750704, 0.1984455419449227]
285,[1.9431201799888682, 7.449692485736563, 1.0253643814789384, 3.114864027072146, 1.0727229858066067, 0.008322322147701261, 0.17606259880442154]
286,[1.719818677326012, 7.264041121839482, 0.9528984083301106, 2.969237914428287, 0.9961485937955444, -0.001330558082283506, 0.20197634839137651]
287,[2.1624983992643254, 9.456033823889037, 0.9898385189455015, 3.0914830783533898, 0.9575116656315327, -0.008282781148749705, 0.22397928348862473]
288,[2.029825865214382, 8.140995500492659, 0.9735549328196061, 2.8807082813785523, 1.0216768597136843, 0.003866429478610638, 0.19025723273911732]
289,[1.600443479730746, 6.694281483596558, 1.0634314387854564, 3.141862370104856, 1.0443616278964851, 0.007229161641598434, 0.18582658844700978]
290,[1.9821212471903553, 7.675835479261858, 0.9986309247592414, 2.999830478598381, 0.9421212029428964, -0.004854588723613581, 0.21373759072661364]
291,[1.6201376048128835, 6.763089078513214, 0.961005630137834, 2.8910548315958913, 1.0242445136371094, 0.0017181510890744403, 0.19981647639712175]
292,[2.0607436257148746, 8.142209205219833, 1.0155944889717408, 3.080602994638931, 0.9670561747124142, -0.006307119826787537, 0.21883210049370788]
293,[1.939463723571401, 8.325899532465385, 1.1608758992832222, 3.320932632783273, 0.9421552208256645, -0.004376756618481526, 0.2071855796065346]
294,[2.0205104610977043, 7.774641320340978, 1.0025512375260044, 2.9885837494126077, 0.9837595838561208, -0.00061478450710775, 0.19977925158487997]
295,[2.3743915802437505, 9.312051821189367, 1.0368271197563705, 2.969374702697451, 1.0027768844542388, 0.0026612635147558903, 0.19489293088713322]
296,[1.787885532476225, 7.04560511019631, 1.1710321740290528, 3.0942889240697067, 1.029891247214613, 0.007865233270371379, 0.17771656381824852]
297,[1.7360375204031566, 7.473289149563111, 1.092070841100282, 3.146789860147897, 1.0349136425877081, 0.012273923738926471, 0.17540464378444476]
298,[1.7988088837233598, 7.815691866543252, 1.006619966615948, 3.0744074511826542, 1.0003965955006113, 0.00418886801146257, 0.196661140016497]
299,[2.0011323184229517, 8.065083273647385, 0.985413794240445, 3.121243605047243, 1.0435807602390352, 0.004879647078837242, 0.19143395481895284]
300,[1.9260980291377403, 7.343312523852748, 0.9836422729424424, 3.0194015751549483, 1.0655889479508434, 0.00611157915487408, 0.18567452075432186]
301,[1.7507825081041086, 7.2316276878978085, 1.020078314799802, 2.882568712756832, 1.0758248557625767, 0.009403705252180903, 0.17520286270314545]
302,[2.0490293484800137, 8.48101323325726, 0.9618532999937661, 3.0265328096398716, 0.9988019100086128, 0.002108167578783108, 0.19962106559135576]
303,[1.9459412308115132, 8.289547960289967, 1.0554905444903286, 2.9741502247371243, 0.9835678128729421, -0.00227636215689801, 0.2026456323236947]
304,[1.875631734756714, 7.741897197349393, 0.9786486972929918, 2.9109575948088686, 1.0223870997125912, 0.00041706477645020787, 0.19179084956198722]
305,[1.798129037145058, 7.405101236458075, 0.9068536103683318, 2.7219741570247105, 1.0763237193352588, 0.011619770293587859, 0.17109011700468268]
306,[2.0622720314339036, 7.991103151579623, 1.0575620246593174, 3.2274083500408866, 1.0079851877106054, 0.0008872390017008916, 0.1954539971051673]
307,[2.271982573500742, 8.729230318237969, 1.0507977031874436, 3.0220655006035826, 0.9936868344525593, -0.0024399923573272114, 0.2044935931459344]
308,[2.2315021981066896, 8.398047651346559, 1.029418857258849, 3.0061565538089003, 0.9773793647609006, -0.005930270463846651, 0.20755091503540846]
309,[1.9810800526521861, 7.735281986913308, 0.9636111094985069, 2.8351126820390675, 0.9958950545243875, 0.0031894144056443742, 0.1937470753446987]
310,[1.8046442675687515, 7.344118813197715, 0.9458383313436146, 2.889307807199542, 1.0675960777882303, 0.006901234682113423, 0.18106865980462028]
311,[2.72482413438305, 9.822501911529287, 1.0461116353015925, 3.047126069300293, 0.9918361282140793, 0.0007340459961437319, 0.1953805087535997]
312,[1.8460152431662127, 7.496071621159773, 1.0158521314465938, 3.097632752820512, 1.039181489438025, 0.004452242998751308, 0.19000717881433835]
313,[1.860531210507271, 7.858570827906401, 0.9379263953614396, 3.0071776806850163, 1.010317268844202, 0.004551980042051764, 0.1911107345780777]
314,[1.94842943437987, 7.6821454433545115, 1.076925612509417, 3.207787955858681, 0.9898753685029981, -0.00127193688069621, 0.21491889796734012]
315,[2.1564883323504187, 9.065575771413688, 0.9805185794642187, 2.924850870900897, 0.9971807528802221, 0.0024183302052110485, 0.19761212958573596]
316,[1.8843330765236226, 7.61793677311375, 1.0544485390679452, 3.154742644323837, 0.9689854787976347, -0.007938714876649764, 0.21919426663309782]
317,[2.0016833840235324, 8.186806448148578, 0.9631660582200452, 2.9070591341870164, 0.9941908095967041, -0.00045778643445636965, 0.19894618309507694]
318,[1.921432548065942, 7.525851894359252, 1.0468615117054485, 2.94193495798745, 1.0331099258004202, 0.008094493365585475, 0.17818603230679597]
319,[2.0827116309035247, 8.448415624610039, 0.9225823753369954, 2.941557475389396, 1.0006448462536752, -0.0036699930957554377, 0.209609897944108]
320,[2.214189139753691, 8.156379621983758, 1.0351323167464934, 2.921164173919235, 1.0759792690758652, 0.008635538273149668, 0.17997690295512536]
321,[1.9742122709462309, 8.099319851718896, 1.1487241046733558, 3.141910858803783, 0.9808135564793162, -0.005083675057224264, 0.21158577238809828]
322,[2.1670569032404967, 8.287318159145427, 0.987973822255413, 2.9317569751006545, 0.9926747752774312, -0.00383662191421845, 0.20378495864384705]
323,[2.262536826196014, 8.765169983930754, 1.0125236754340365, 2.9651414504439675, 0.9504867497739968, -0.007318662388752085, 0.21546236422036993]
324,[2.0136468260692215, 8.005081875787724, 1.0339017360915541, 3.0575914195868714, 1.0395324459337603, 0.004966172381146132, 0.18691501815175324]
325,[1.7777280443143493, 7.494033745587417, 1.1074944747309197, 3.2476969834821134, 0.9602714504166163, -0.0014649196890226463, 0.20985815224843604]
326,[1.6911128394072839, 6.9547091037686, 1.0809648123832376, 3.2744557161455323, 0.9861651756060782, -0.0007180585070694586, 0.20544534826014765]
327,[2.0750009449554483, 8.456463722919976, 1.0037262408573644, 3.038010739015036, 1.010801175821459, 0.0022270515736466695, 0.19792311021941764]
328,[2.0769306648637107, 8.625135657917326, 1.0577992982501312, 3.1807062812321236, 0.9501353177883638, -0.007064165153854632, 0.21797020788778276]
329,[2.626004043053221, 10.320006441105365, 0.9035594648339033, 2.8870440619611037, 1.0263016548073662, -0.0008088413835226082, 0.19983871775632844]
330,[2.4630240314088754, 9.84690124680877, 1.1255035442389287, 3.1231971315800218, 0.9463305176694287, -0.006843677733541095, 0.2181859608409506]
331,[2.488860074070934, 10.153765265549481, 1.0309834893639973, 2.967602056806347, 1.0358304460733696, 0.0051855211795117494, 0.1889794691672485]
332,[2.5288272391711772, 9.825553217157038, 1.0871990453161646, 3.0786705879667284, 1.069911788914906, 0.00805464975492836, 0.1832756985452259]
333,[1.9718329986427705, 8.224592403841621, 1.1463217554339924, 3.128197252713302, 0.9901317917122362, 0.0014844702846593346, 0.20496414280326422]
334,[2.363852954660579, 9.604742095089485, 1.002428567690684, 2.936992221966842, 1.0477523910208466, -0.0011323881933911024, 0.20480321564537735]
335,[1.9999162328561568, 7.516948863288078, 1.0798922932602224, 3.1789315407080387, 0.9588828533837311, -0.00523816022984875, 0.2068950459541603]
336,[2.1992925716212706, 8.349525445827195, 1.092929869200568, 3.179136406368635, 0.9952298544427831, -0.0004167564566772346, 0.19505747811611962]
337,[2.193987618645925, 8.18845569961786, 1.0944670781047294, 3.142333108558329, 0.9187458141531899, -0.00631684899658731, 0.21949633117889997]
338,[1.9053308846859836, 7.736258791538551, 1.071989481653154, 3.1100779403197434, 0.9556406972808844, -0.0005163368546674308, 0.20766490042885352]
339,[2.3035111812341524, 9.021164408956913, 0.9643432417398002, 2.79089715957957, 1.0525036968779848, 0.007959073986032765, 0.18096592705041406]
340,[1.7494538096454388, 7.2478053503896405, 1.084825695285443, 2.9776851215326636, 0.9622227650013798, -0.0050629922118172925, 0.2125223747452772]
341,[2.2762989345529894, 8.905139843581791, 0.9555928394584567, 2.7966774041904348, 1.064855307881617, 0.00445937512195102, 0.18930870492480878]
342,[2.2472384902272853, 8.91247738927937, 1.0736960981560704, 3.2706517593925217, 1.0028930687664654, 0.002252828614933127, 0.19558861290218868]
343,[2.0793440208186897, 8.116843916355641, 1.0691701242665224, 2.955359537396512, 1.1358026887817503, 0.012863175505101614, 0.1650021704034227]
344,[1.8463440609745223, 7.783473837796031, 1.1204549732303366, 3.159524680678233, 0.9804672319294852, -0.002022886338447093, 0.20991951703791814]
345,[1.85503867911443, 7.1881952490641075, 1.0782748008794047, 3.068345781860552, 1.0406733611951295, 0.014376336612612447, 0.16975207261040182]
346,[2.5566188148173294, 10.158692009895315, 0.8326925462114906, 2.695360476562638, 0.9809133505971537, -0.0012187127398559574, 0.20477584294565124]
347,[2.2489133735638975, 8.977233450232935, 1.0004139749668934, 3.0711641100609772, 1.007975004524126, 0.0018258811214599837, 0.1990432357250311]
348,[2.134876784704509, 8.390517987409321, 1.058711493893613, 3.0827391422850816, 0.9796074739679405, 0.0003411075294613789, 0.19712403785646052]
349,[2.31989353765423, 8.829480024711495, 0.947677654894818, 2.845746369490815, 1.0977236917610254, 0.01341067484704257, 0.17342057378683481]
350,[2.436716172412772, 8.636954586292992, 0.9689416632195305, 2.892186630806222, 1.0457697902505574, 0.003015135089899955, 0.19495025872663982]
351,[1.6721002179957156, 7.270222176238697, 0.9646490798416077, 2.9504589850063296, 0.9967872875182229, -0.005184623721077004, 0.20564687754675515]
352,[2.581835743017799, 9.000863112202532, 0.8960265115859639, 2.7494326465570293, 1.202667918474868, 0.020142412291915095, 0.15996708465258203]
353,[1.7061916047197907, 7.076100621651699, 1.0277986763480769, 3.0977793427128058, 1.047797047017169, 0.004158847637615674, 0.18613019004234532]
354,[1.7058239496446963, 7.126343287616347, 1.0921750226603877, 3.0961864327732145, 1.0046215706058843, 0.0024629477383501636, 0.19005469295456956]
355,[2.027926233876262, 7.7766103554660555, 1.0522385496865523, 2.995341594964837, 1.0310317820835786, 0.0052118894733102685, 0.18986518417889697]
356,[2.4978439825259056, 9.273602344001992, 1.019113690634715, 2.8758250310699305, 1.0584770485003796, 0.01246471502996571, 0.17486084275725722]
357,[2.2695275384454847, 8.663106918662104, 0.9230744855338657, 2.7924892729720656, 1.0322408922784394, 0.006208876797729683, 0.1895720482727668]
358,[2.073051899627593, 8.056405688390694, 0.9945503303848597, 3.0216505636630613, 0.9603564783407889, -0.004796849269227042, 0.21058823946310332]
359,[2.0526960389451423, 7.89416722278078, 1.1238499308836463, 3.104083094976204, 0.9710319994534874, -0.0077221213070457345, 0.21862932646780206]
360,[2.070379508700031, 8.19739601258242, 1.0493546443656665, 3.0840465732529645, 1.0402159995311833, 0.003658855574252127, 0.19883111221495428]
361,[1.8749236143691108, 7.564484603474357, 1.0725626200737308, 3.105368143372652, 1.042467516321957, 0.003396344549029361, 0.1853668951017191]
362,[1.6713974684249622, 6.974025730903995, 1.1052739012107422, 3.170571773486933, 1.01002843977062, 0.0021206951498098374, 0.19031204984868644]
363,[1.7765955479089817, 6.997960347138659, 0.9931859451459846, 3.0160138742280127, 1.1992054506688261, 0.019343083906217154, 0.16311315771855878]
364,[2.270223354062463, 8.542064497657503, 1.0214440842771417, 2.9368132721969467, 1.0018523966648563, 0.00366129804527331, 0.19541435244873387]
365,[1.9266686070991965, 7.831148269784484, 0.8735458700353697, 2.8601490546596, 1.0999221568258581, 0.006167176546760145, 0.18544110693499732]
366,[2.2167385323028466, 8.876490101086793, 1.0931425283569243, 3.1473657153682084, 0.9688878160726963, -0.003200378671806697, 0.21089425269953666]
367,[1.5419819730503397, 7.108197650353059, 1.0655817533916103, 2.993887057955317, 1.0131723924380338, -0.0011062345712248226, 0.20000236875322053]
368,[1.8670156462787786, 7.750775873590006, 1.0994266831562771, 3.0736769751639437, 1.0479161083393775, 0.00608178172266892, 0.18932102790027208]
369,[2.0401810163355965, 8.252463029970794, 1.0833801992135148, 2.934627154776884, 0.9572799793216368, -0.00221861740142279, 0.20002939894988736]
370,[1.9706537013661762, 7.629406590650421, 1.0974997536264646, 3.270619642932217, 1.0799338259928573, 0.010981782486126057, 0.18493183379567604]
371,[2.142980601044705, 8.306956759931532, 1.0408261606863984, 3.0210492834810685, 1.0005334379838282, 0.002788068604373429, 0.1933337595684336]
372,[1.689915863578723, 7.170549256040023, 1.0145304348312818, 3.1783057006094304, 1.0130476957939407, -0.0017964200658677407, 0.20245996742536795]
373,[1.77806148843849, 7.296711534820433, 0.994140558448199, 2.9713253304433094, 1.0926655502388194, 0.012360707613847265, 0.17932824209483456]
374,[1.7604195582800435, 6.957629714135812, 0.9757769066813656, 2.9221728455652682, 0.9738736180683045, -0.005073386304313571, 0.205806388965334]
375,[2.0786127302970994, 8.708471492233626, 1.058464843820948, 3.1488955059928267, 0.9282847346513895, -0.004117112694313859, 0.2051762792207661]
376,[2.432772667546874, 8.970955221555265, 0.9457293465586198, 2.8619733725754584, 1.0263598395524156, 0.002072971971776445, 0.1988194255766998]
377,[1.9476669879360722, 7.686280620702187, 0.9761559988365275, 2.889335105545885, 0.9671752293006697, -0.0014751115630317673, 0.20488439796008617]
378,[1.8514790238036618, 7.896395989263313, 0.8928080589960132, 2.917816568149143, 1.0612109483129195, 0.0032369253552738285, 0.19136313304824953]
379,[1.8731525003640948, 7.730029123682125, 0.9807672889941539, 2.998980340643571, 1.116180069410024, 0.0046671806489897195, 0.1900470265433552]
380,[1.7461512991021737, 7.3220770333961305, 1.0098761915359296, 2.8461439496246337, 1.0360580136092403, 0.004158928652365622, 0.18601120382739333]
381,[2.0798514689195935, 8.317633387278978, 1.0193138269132533, 3.1312741858862485, 0.9522302399250264, -0.009588467415862983, 0.22229448173988442]
382,[1.57773575721977, 6.673622211543871, 1.126753519220201, 3.404220823596994, 1.0032269643768028, 0.0006826748427374989, 0.19779804486855776]
383,[2.18524497215193, 8.608388770541788, 1.0962776927549414, 3.0203218076821385, 1.0612488567777671, 0.00802477825208895, 0.1758920262299969]
384,[1.9611258333124317, 8.221948019924675, 1.0087682611698525, 2.890543143039011, 0.9681889147370161, -0.004194892747708765, 0.2122064072167636]
385,[2.1817192646177728, 8.337963844824971, 0.9894517598890817, 2.9526665591061145, 0.9749655781096038, -0.004842447694106769, 0.20702073372532848]
386,[1.8832565592031576, 6.999434729823585, 0.9610780461201864, 3.0736286951123906, 1.0692918745360258, 0.009172174170173925, 0.18480398011108506]
387,[1.984112156847245, 8.433080029720525, 0.8765948863829699, 2.767598531922678, 1.0384758329090873, 0.006996364468730934, 0.1863621709355908]
388,[2.3816299571424935, 8.652334042256513, 0.8971443032724544, 2.860733118897834, 1.0849739881549558, 0.008907136122728254, 0.18654633275514515]
389,[1.9307794504302604, 8.00292224446445, 1.0032796850620718, 3.123740942648509, 1.0166887180283348, 0.0032581430418562986, 0.1953896939539784]
390,[1.9185292989261065, 7.5563101921562525, 1.063383398640608, 3.0920814436256863, 1.0184926824038918, 0.0049639594165346084, 0.192995888824585]
391,[1.8708426561707068, 7.490780542240254, 0.9616730160461396, 2.9575180890320762, 1.0841515148250847, 0.005712961374939998, 0.18523830237912886]
392,[1.8523531262245363, 7.382024466917187, 0.9614031738226174, 2.942066674330666, 1.0791932044765125, 0.006658240703704164, 0.18909172686935027]
393,[2.1198483570232742, 8.69225367542925, 1.0190892597275862, 3.0467165899796695, 1.0623544161487866, 0.003568021345987531, 0.1902358045284552]
394,[1.8134936226904976, 7.338501150128766, 1.0617404061000435, 3.094398181530302, 1.0105921395844089, 0.004913457787908984, 0.19330504564566026]
395,[2.185738382484915, 8.850235883183728, 1.0279353272614498, 2.8370769791410226, 1.101214829670693, 0.008382892792911824, 0.18083752063556396]
396,[2.187823805185098, 8.720548507556181, 0.9492885268443504, 2.942354854250542, 1.185834530145279, 0.022610985861314672, 0.15049449547032623]
397,[1.9894925681120832, 7.995214018132839, 0.9906410638755244, 2.983036176057743, 1.067673193373394, 0.0059506531098980605, 0.18503657819517036]
398,[1.7819178935499698, 7.34266576683932, 1.0052104722773465, 2.9245775343441864, 1.0510789524485824, 0.004445282919865437, 0.1947744045457476]
399,[1.7944454202893194, 7.647742394005828, 1.0530078340644815, 2.977760463126636, 1.0442717559001318, 0.013663300025916737, 0.17266906732693954]
400,[1.9333930142767475, 7.9832531205430435, 0.9466916277758841, 2.951589182475746, 1.0029379357843156, -0.002139830725618967, 0.20674341964834614]
401,[1.9763818191193012, 7.745440320567208, 0.869246536551905, 2.855550405898102, 1.018997501992876, -0.002098055095867782, 0.204610119221217]
402,[2.2213576292815027, 8.616498169160096, 0.9720449916668042, 3.020843103096535, 1.0617977899524025, 0.006318885708583654, 0.18543728064571355]
403,[2.100159562974972, 8.671043758576737, 1.0291479506317707, 2.9357107238623024, 1.0640300359557344, 0.005290369203061131, 0.18350973969301554]
404,[1.8501892224866234, 7.521729163833393, 0.9919978970327942, 3.0753822028414515, 0.9760787600370657, -0.006091615026723776, 0.2141633699521025]
405,[2.036331248728509, 8.40124374644747, 1.0060892778617931, 2.9883742695360995, 0.9906413492997088, -0.006875013610623021, 0.21111390017248444]
406,[1.6964338384977375, 7.368342268441279, 1.0070121369455014, 2.889151652648828, 1.0349255013465093, 0.001924098186987563, 0.19810517050629606]
407,[1.6955980388469565, 7.524484966997956, 1.1229511872152074, 3.1484847965640514, 1.0583127987843375, 0.004939848267001699, 0.1866172791391828]
408,[1.9185206344776853, 8.095505719817726, 1.1063417158972393, 3.152155621185534, 0.9909595673016476, 0.003044680139366541, 0.1998571137528533]
409,[2.004224219132871, 8.181270311937322, 0.9508948217017508, 3.0283547319773327, 0.9812773090330525, -0.0027056139215387793, 0.20934106812676434]
410,[2.1035570461913085, 8.176245669654927, 1.0876643908732593, 3.273773847147554, 0.928738524990633, -0.011354840629284275, 0.2262304940660387]
411,[1.989416507292528, 8.07932953557242, 1.0413585365459161, 2.981591723950034, 1.0112667266206947, -5.8200075301359215e-05, 0.19482676206582217]
412,[2.2263129658589715, 8.92668188729708, 0.9319718931335469, 2.8819887490885434, 1.009843781632704, -7.875164218659118e-05, 0.2049700216811804]
413,[1.8290313583069397, 7.372848630650497, 0.9843008091114973, 2.9512017365842254, 1.0774470257589737, 0.00993507658599856, 0.1752275914622492]
414,[2.193803294474046, 9.102518092276018, 0.9595253867098219, 2.867938309222382, 0.9156293636149101, -0.014131665673007615, 0.2248975813612757]
415,[1.9444706310019795, 7.676773937255925, 1.0697455963977167, 2.9602651451367006, 1.0404687699586843, 0.012405856600243906, 0.17213657850588948]
416,[2.231286307078723, 8.488540353421081, 0.9941849644920829, 2.9766010895642023, 0.9893629665465478, -0.004277447366406663, 0.20287779651489735]
417,[1.6091076398897832, 7.109888513948589, 1.1065921343545888, 3.0430326542770634, 0.9639545458807325, 0.0009060714320929588, 0.20203595099395247]
418,[2.4024492552904753, 9.837228986613413, 0.9489547245623292, 2.9998426340215474, 1.028270423864108, 0.0008322745742247454, 0.19866556590648202]
419,[1.8941709893975873, 7.585341852998402, 1.0623286920046144, 3.1197678060202794, 1.047615857507498, 0.00787845126349461, 0.18971722693469198]
420,[2.0375533683478393, 8.234849966794757, 0.9667588786489782, 2.7955367277759655, 1.0067537915729856, 0.006860574259982026, 0.18583104451396582]
421,[2.019849666063204, 7.852600371181227, 0.931811235683845, 2.90661149472137, 0.9370558282462529, -0.010021859360623542, 0.2202047660795418]
422,[2.1657072979184475, 8.565067246663366, 1.0814747567192315, 3.043076223266477, 0.9893560876168064, -0.0012938132234928453, 0.2001874699860958]
423,[1.7187294725774713, 7.327427971751885, 1.0447355826515938, 2.9849201171729858, 1.0064241976824848, -0.00336255194554302, 0.2049254288984692]
424,[2.083294535258531, 8.517530826330505, 0.9448155604306403, 2.8389455629008467, 0.9898404242689444, -0.0011885779444542393, 0.19529345526075115]
425,[1.9085495754192696, 7.381110667516484, 1.1032093151019589, 3.1209554956276824, 1.0576834662081513, 0.008590845423888528, 0.17809080519649712]
426,[2.5485299547018134, 9.609830695144275, 1.0967747833012083, 3.226399788672836, 0.9799953879458065, -0.0043685164723047485, 0.21062824299011887]
427,[2.2443543265185486, 8.578343579592175, 0.933806026738895, 2.9340058924124865, 0.9908128516858532, -0.003915664220330509, 0.20230252006157656]
428,[1.9252281632838524, 7.628318623242097, 1.098760753295831, 3.176205831186666, 0.8899680228585963, -0.006433960790773189, 0.22217433904587652]
429,[2.2951898910395983, 9.127868920153047, 1.0939475700998913, 2.985872616710274, 0.9974563558977452, 0.005517921755098922, 0.19494234230290394]
430,[2.2692438794188887, 8.775227452330824, 0.9731977037861629, 3.0190524781705945, 0.9766657370082574, -0.002909546890735226, 0.2000611931626387]
431,[1.9459653624773185, 7.86474295420051, 0.9372640418017839, 2.8416144474290213, 0.9970436164603715, 0.0010978385288293471, 0.1944368302802948]
432,[1.6286519987419692, 7.548997348208811, 1.176060580435651, 3.2159704091385075, 1.0362982611985534, 0.008042377073401883, 0.1839471629062886]
433,[2.0050826302443148, 8.051393111290512, 1.0193308702554142, 3.1237332703904968, 1.008906894365983, 0.001684000101146048, 0.19682366076691568]
434,[2.157818376462543, 8.394039326874871, 0.9605500070894974, 3.0200813792600734, 1.037170112984166, 0.006414011203664308, 0.1908248603936577]
435,[1.8614987123508284, 7.422052860300573, 1.0782507088157984, 3.2192224061011427, 1.059445715205708, 0.006568821243954203, 0.18865412328935166]
436,[2.1566133568341472, 8.788946966576514, 0.970954981734292, 3.028908925508865, 0.974508567363997, -0.004667573330819496, 0.21346882269823753]
437,[2.4366358398063723, 9.184929724395312, 0.8871617560131716, 2.7736306846232472, 0.9845420963468582, -0.0016357923083247213, 0.20500692179879523]
438,[1.8121567702343213, 7.386914752718112, 1.0246194220728413, 2.9664454416431045, 1.123964190497858, 0.011774568435695326, 0.17302874235267607]
439,[2.60300719958501, 9.265461271395445, 0.9472934157830153, 2.866832247938995, 1.1034950754394879, 0.009523749062136606, 0.17647374294612173]
440,[2.0577473948467793, 8.283434211615313, 1.1116769494857162, 3.1326571776128915, 0.9460384111429898, -0.004667209530777981, 0.20662336418715377]
441,[1.7183057252981946, 7.416486568433163, 1.1343410227074975, 3.1598282535715825, 1.0244995103410095, 0.0030907280543838985, 0.19457302467744161]
442,[2.202287705514902, 8.431925251782596, 0.9275849545862108, 2.9998298481765975, 0.9953442135048409, -0.002619035167671692, 0.20504243075866013]
443,[2.139341117924385, 8.329605957614492, 0.8931410109621798, 2.9984959954679145, 0.9900294810301733, -0.0005715326226059586, 0.20560882463018518]
444,[2.0555623594558745, 7.57346682765332, 0.9311091708791037, 2.750285586241404, 1.0282342499676025, 0.002324770687131473, 0.1852638849635071]
445,[1.7871556212530657, 7.2286810447220455, 0.9722532772793767, 2.9760645300227275, 1.032202003988377, 0.008969172282673878, 0.18773925897714183]
446,[2.0709116198930047, 8.074628994991299, 0.9730886186314659, 3.0518364212833644, 0.9867129732096266, 0.002099749375593112, 0.19501903431064502]
447,[1.9480970274197271, 7.566936063269463, 0.9671402090440061, 3.0703843261027663, 0.9816985438504338, -0.0021160508597207186, 0.20917044171100374]
448,[2.285349203957041, 8.740796960796182, 0.9979751735895016, 2.8924201267771177, 1.0435313628949807, 0.0034766985751132455, 0.19012407348972757]
449,[2.154052247111029, 8.845562343526968, 0.9871820044702949, 2.8597594325657028, 0.9812790065705314, -0.005236197104329312, 0.21086749107487116]
450,[2.3124975900736167, 8.801810520302542, 0.9082706267537376, 2.816595668949551, 1.133997035107746, 0.011650481265033272, 0.17486424299697945]
451,[1.8574433230040104, 7.820816759462722, 1.0118622972180744, 3.092453102287636, 0.9689623092886004, -0.0023764507017400224, 0.20603904323018682]
452,[2.229774717580672, 8.455180460449357, 1.0597875485802584, 3.1473895662595894, 1.0931968813072284, 0.014343295198677525, 0.16959892619679695]
453,[2.2311373083001134, 8.523655102357012, 0.9240532209963348, 2.8631907327574715, 0.9762049350910745, 0.0006150597341866061, 0.2041309375104474]
454,[1.9641266964853785, 8.11343747806911, 1.0397218829212562, 3.0772140251827453, 1.0089968498251578, 0.003154857859588098, 0.1997106566116489]
455,[1.898914764552294, 8.669232562725316, 1.0673287386440935, 2.961852448386463, 0.9301417557523675, -0.009465673528838248, 0.22075862421587833]
456,[1.8899621160217246, 7.754294610583341, 0.9926747397122121, 3.1507913586698395, 0.9397429730492083, -0.00946595374274586, 0.21642218809694655]
457,[1.9707471942700283, 7.81365830813389, 1.046230549111529, 3.1853699557367507, 1.0052701591581346, 0.0052349383982772495, 0.1900464315327098]
458,[2.1257048081364442, 8.740933850010789, 0.8506726980559828, 2.6954834551635547, 1.1081238912836984, 0.005037204753230233, 0.18475213141117652]
459,[2.0125040248934334, 8.015167224555936, 1.0305619159803372, 3.210683902540919, 0.966348754268348, -0.006350231194909419, 0.21970792562368535]
460,[2.321994386775332, 9.007909140172135, 0.9632582092363086, 2.871205723578246, 0.9801491175127831, -0.0006977796261938105, 0.19780142038548154]
461,[1.8407377508229315, 7.426445556174207, 1.0500695955355184, 3.227891091847499, 1.0386360940067467, 0.005454848152418515, 0.186129785245446]
462,[1.9850379827933573, 7.890244770119609, 0.9841327853117546, 3.0740718165387166, 1.1317608033032176, 0.017382371052594946, 0.16711589940457286]
463,[2.249585613842042, 8.878653414596155, 1.0870235785256748, 3.1782030309035028, 1.0147669971834374, 0.0008104394785237927, 0.19565701795496115]
464,[2.22423800424299, 8.46007662351802, 0.8955058093966808, 2.828409598627015, 0.9908550845274364, -0.0017112174325774735, 0.19767718379655264]
465,[1.7313698000272046, 6.852827869373998, 0.9416842090405083, 2.9047454438582543, 1.0343303092834624, -0.001204699480647754, 0.1958377348635958]
466,[1.8776945089550066, 7.386999707411884, 1.0813782379170427, 3.089690575930242, 0.9735699035779253, 0.0010152146042545598, 0.19528368374650432]
467,[2.039323076329098, 8.074931180594648, 0.9887730022173301, 2.867254491741231, 1.0418211112862465, 0.0028968098566511213, 0.1899446082858326]
468,[2.0282848199059, 8.205701317679177, 1.0558865705179759, 3.073825242447456, 0.9796827499378753, -0.0012882813018072995, 0.20494060576177398]
469,[2.312352964500141, 8.960384454086475, 0.9928098146988859, 2.9391212175373447, 1.023689301121306, -0.0015638734699480576, 0.20182975411584503]
470,[2.6090170389427803, 9.949578511558373, 1.003259064378788, 2.9803686218330694, 0.9631699868492786, -0.006091517900812256, 0.2154561248069784]
471,[2.1490609706454773, 8.807971679048228, 0.9144564835200298, 2.9132603503323704, 1.0712511870556167, 0.008671793554941227, 0.18475469505958145]
472,[1.8956713165869763, 7.7766640024156075, 0.9692412392849573, 2.911941220590273, 0.9793820029225879, -0.003401663104741486, 0.2050057414157897]
473,[2.2187311210217424, 8.211463769600376, 1.0396776584030492, 3.285080214773083, 1.0281906736864095, -3.7868716592232e-06, 0.20070840913544263]
474,[2.5660390812056293, 9.82974066095846, 1.020183066940508, 3.0154976935338946, 1.0784907634338383, 0.004484084257789481, 0.19488289226762734]
475,[2.3877431344475286, 8.90947613925743, 0.9569248279475661, 3.046890846968662, 1.018257604943951, 0.0002643277018163959, 0.20038348321283286]
476,[2.236518364287204, 8.733047647728924, 1.0317877570021865, 3.052582996162102, 0.9491792909215604, -0.009948825492503952, 0.22381131004659133]
477,[1.8263974293999337, 6.992531790188211, 0.9929317888131646, 3.0017095617668454, 0.9827726945763585, 0.0023467953408459236, 0.1915782385115734]
478,[1.9620117767158611, 7.829659650500003, 0.9209752923719379, 3.008949768084532, 1.079937727286113, 0.0071391870120168285, 0.18980800141450432]
479,[1.8946107660863314, 7.737731782152391, 0.9738493619310766, 2.972184167478368, 1.0924694082199333, 0.0043420816876947035, 0.18000383059136948]
480,[1.8855779305174292, 7.651667538153204, 1.1091602706326829, 3.19743788510093, 0.9771155790528119, -0.0019243044193721298, 0.2052677744109569]
481,[2.0379384039813915, 8.08008013169069, 1.0373872679983702, 3.1436349677150535, 1.0386863827054047, 0.006039579729245504, 0.18515115198393417]
482,[2.347641082530093, 8.869160528690504, 0.96746935809947, 3.0173280687298067, 1.0039822178519562, -0.005214887899427521, 0.2125056635694763]
483,[2.174211100990495, 8.714707010440765, 1.0384590279565007, 3.022734031919532, 1.0168435377205667, 0.00856145185431357, 0.18030541801467065]
484,[2.0914274920792058, 8.357022845385224, 1.0082058633274613, 2.946565863925606, 0.9988156569012446, -0.0007753102643127873, 0.20419232195475645]
485,[1.7274848115691535, 7.411610489023453, 1.033695676409379, 3.031952850827859, 0.9964488321209042, -0.0006477225414907323, 0.20325411479929417]
486,[2.038849128091716, 7.977182351545993, 0.9568166255142552, 2.928977304050822, 1.0309327256010725, -0.00044749866846903225, 0.19609127627698308]
487,[2.2531248600155673, 8.558606719678439, 1.0000470672387287, 3.06266736419599, 1.031493059649834, 0.0003957371422735756, 0.19658119078402936]
488,[2.0476569668610907, 8.080984733375217, 0.9871430382204207, 3.016545346120075, 0.992906531396706, -0.003067572130442386, 0.2027063467486746]
489,[1.860763749808989, 7.748915128045406, 1.1387222118740166, 3.006254431975205, 1.0567054266679008, 0.009980834590735763, 0.17179374636672262]
490,[1.7898373749789547, 7.407840175236411, 1.094922086037484, 3.2454177608301165, 1.083516439342869, 0.009199190169079852, 0.18383065227847595]
491,[2.3265933254769435, 8.730702090345469, 0.9051111672900729, 2.8041210217914343, 1.0478706037484335, 0.0038109354145188148, 0.1899891955259282]
492,[1.878099444157362, 7.512685100095521, 1.008819688096743, 3.0154890985816354, 1.0711277622582482, 0.005236290198279578, 0.18926593564659555]
493,[2.013097865644977, 8.168034583617658, 1.037740147283138, 3.114707823268056, 0.9462431252282185, -0.0016043900486738519, 0.20541353731881137]
494,[2.2418597026220835, 8.660924142793146, 1.0505166615612254, 3.1689870260129838, 0.9744772065630029, -0.005341980086265953, 0.21207504057646698]
495,[2.2483145051510407, 9.019484249325417, 1.0475241630832093, 2.9707683828424445, 1.0337310204315466, 0.00677803801174097, 0.18999173754339949]
496,[2.1885380976541153, 8.931419984673155, 1.0610191520044718, 3.0265399755640288, 0.9763435741095842, 0.0003391113953035039, 0.20004761337340654]
497,[1.8814856457003837, 7.776810122790525, 1.1187067252081473, 3.197909825614224, 0.9900604460221646, 0.0034056112619329864, 0.19286479894440794]
498,[2.198658807076845, 8.922004284976902, 0.914047900708301, 2.853211793762179, 1.084810584664515, 0.004774201264681041, 0.19435582304874197]
499,[1.9005973196997534, 7.7754030661904885, 0.9579056958299415, 2.9602468107405264, 0.9120798550117155, -0.014908268104703033, 0.23028555817640994]
500,[1.9089898495712687, 7.5718269577654125, 1.0217497241152398, 2.9837771533706645, 0.988998081493787, -0.00016878110356017845, 0.19989792522037442]
501,[1.9520833063473435, 7.858360741865736, 1.06273677034005, 3.0543715645672727, 0.9534218472524753, -0.005587480789101018, 0.2088002058811611]
502,[1.9111045490439735, 7.344192786388976, 1.0618835072300985, 3.1987618334367434, 0.9383661973417506, -0.003748948801083929, 0.20523566052041653]
503,[1.6730099171096857, 7.050260833288135, 0.9533903264554889, 2.9237941287944142, 1.0547979417642916, 0.007794256259005544, 0.18971795521125076]
504,[2.1524765503576493, 8.165534184983546, 0.8876965541772094, 2.7372357576687176, 1.0621953588013486, 0.0047040122444652905, 0.18609644464923503]
505,[2.1925686067935457, 8.595610134899253, 0.9907856376683722, 3.0708627447565786, 1.0875088744005679, 0.012462599216119634, 0.1798734224657845]
506,[2.3024831385231974, 8.866452137089208, 0.9546871372854837, 2.9740737542862483, 1.0072633179403065, -0.001376092133200279, 0.20159654329866558]
507,[1.9979373766936235, 8.18023990590009, 1.0585469058580081, 3.024577050457227, 0.999017053759191, 0.002734121565615003, 0.19523575011592825]
508,[1.8779906044931864, 7.928501303838729, 0.9463422956373132, 2.9236185366261758, 1.0166376021741161, 0.0018062727193160581, 0.19646191921037734]
509,[1.9674392976079065, 7.277751171920829, 1.040484262746759, 3.251864754497228, 0.9688327490303176, -0.004816447321977823, 0.21202405851102665]
510,[1.9897526288689353, 8.073638250064315, 1.046611363963424, 3.303293593687032, 0.9574076208806199, -0.011112038406734286, 0.2206762570613837]
511,[1.726152328334184, 7.575859551081437, 1.089052952419075, 3.1763528408939257, 1.0065043978125585, 0.003621956579757852, 0.19294165395794055]
512,[2.194403582364334, 8.155724960125344, 0.8595370862853413, 2.915751139730591, 1.0808615441989031, 0.002435673746834597, 0.1905696383166834]
513,[1.9451827778295456, 8.073396239999665, 1.0042649999776112, 2.9289784407239225, 1.0244203250563955, 0.005613825518068364, 0.19085040328363795]
514,[2.1558746575533068, 8.823510112763367, 0.9972544853747544, 3.0469291422063107, 0.973560644482863, -0.008881879836020973, 0.2164325086516891]
515,[1.9725384384268436, 8.038264078559978, 1.0012035359625453, 3.0082651159423466, 1.0127579011094463, -6.772884497776513e-05, 0.19082788057548694]
516,[1.8410114404214406, 7.820535127196801, 0.9659880044597909, 2.875055381357791, 1.0454666271503812, 0.005504943690906157, 0.1833483579445072]
517,[1.8803758721326962, 7.716815952051995, 1.047907815528683, 3.088909276106871, 0.9797192315538916, -0.0029686881496421244, 0.20166055196453625]
518,[2.3780216697560275, 8.68779755221986, 0.9618126016069664, 2.8866327032293997, 0.9469011334793164, -0.004349800582747978, 0.20740045956032616]
519,[1.8383403423571587, 7.326546526205533, 0.9536668431195512, 2.835861709231046, 1.1010075708350584, 0.01763078404119351, 0.1604224132121479]
520,[2.0265735700460024, 8.440222893656177, 0.9875666898261507, 2.851249750769937, 1.117601741103947, 0.013549875569105287, 0.16159383744219402]
521,[1.9829361841953395, 7.976236668596783, 1.0516922368580737, 3.3784825702780013, 1.0110252890469609, 0.0028383960378980163, 0.20410406161760905]
522,[1.9657841675293457, 7.89703997143392, 1.054660683109003, 3.0785577418502608, 1.0417425367925046, 0.00577808177222695, 0.18682983445532694]
523,[2.1074890027921223, 8.33874072225181, 1.0570499758551688, 2.964293219555102, 0.988628011712857, 0.0002385705725401141, 0.19628412736195944]
524,[2.0132167668369667, 7.9342101640146225, 1.1404298825641739, 3.2232074833434736, 0.9627225600310148, -0.0031623652196085335, 0.20003183053962703]
525,[2.0130992581444977, 8.037786272859242, 0.9641948289005612, 2.981970644768021, 0.9686254242929121, -0.004924112074353498, 0.2136366748124266]
526,[2.20946829523967, 8.088608957349837, 1.0222198380073544, 3.1619226887412495, 0.9180909920860957, -0.011613597773734975, 0.22211346241199348]
527,[1.5821088836888448, 6.708729903621304, 1.0686390342251781, 3.1381476576595877, 1.085974042674397, 0.010880196075486865, 0.17706429314924874]
528,[2.298427457787831, 8.310666395815787, 0.9952536983898942, 3.073248703903556, 1.0721902409845345, 0.004559961741066194, 0.1906515977253183]
529,[1.7676616490116717, 7.274614932065749, 0.9823128584338843, 3.0847115952202233, 1.116453567976924, 0.008671490007207456, 0.17501871114545864]
530,[1.976416159285118, 7.652939323339484, 1.0244450354087449, 3.0313518587557073, 0.9962092447638111, -0.0005979560526098474, 0.2037107000030089]
531,[1.8998637081842957, 7.4410651347273875, 0.9849334139249658, 3.0261161942932078, 0.9972943771407743, -0.0011211168035623353, 0.203135209128251]
532,[2.297001244245076, 9.110075910106232, 1.0499813765068864, 2.8289896190232318, 1.010276389393617, 0.0040588043683690124, 0.19469324601564558]
533,[1.924885728609145, 7.602101883812589, 0.987836495384412, 2.9131305125605493, 1.0249280980168511, -0.0001904166286216201, 0.19920950031140805]
534,[1.782282040365291, 7.096668944188744, 1.0157549244494437, 2.9142606089672634, 1.0108877753853083, 0.0046649638963767335, 0.18635858851028853]
535,[2.2076216734968748, 8.762742366646105, 1.157352930021459, 3.1964029352537313, 0.9627464345837907, -0.002717839887598424, 0.2014627619877325]
536,[2.1582723968130395, 8.596431463028434, 1.083686650445631, 2.983861842954016, 0.9968889191039012, 0.004611640715958372, 0.18845268308416918]
537,[1.9662401933713107, 7.830348841130861, 1.0313715530102454, 3.039412718163404, 1.0284547435447187, 0.0025143580577628053, 0.1947973084502207]
538,[1.9537002306766795, 7.511595357462778, 0.9557115047563371, 2.957467928036109, 1.1036545234952604, 0.011754261813862967, 0.17902768832941182]
539,[2.3061621413029196, 8.739414022783745, 0.9784378039849988, 2.887449357384918, 1.058014707742203, 0.006002102979970293, 0.18860429925453925]
540,[2.083285042317254, 8.134163426835043, 1.1374691316334946, 3.214160408032727, 1.0799048934150557, 0.009061494816692906, 0.17997206179811548]
541,[2.1591592838662823, 8.462579172389047, 1.06304924646733, 3.1514644532841745, 0.932888826192937, -0.007284344107193195, 0.22250314255857914]
542,[2.2043721928374476, 9.191454605748604, 1.0776593844993267, 3.131509424702078, 1.0482966033807903, 0.010105109966631325, 0.18062180660451568]
543,[2.0502518516238695, 8.28394171901233, 1.0174325583238664, 3.006949816036825, 0.9611368540758937, -0.002324997520872403, 0.2068439427619339]
544,[2.300312320762309, 8.896901580119223, 0.974120629599848, 2.9540155467222844, 1.050478958781916, 0.009960731340542579, 0.17990607686813265]
545,[2.132658343123299, 8.350798074253312, 0.9549474310250159, 2.878632406891525, 1.0136353798384878, 0.0024667896609984552, 0.194719194158259]
546,[2.1837402566705713, 8.367408061912757, 1.012505074762236, 2.888648671077771, 1.0881802010132544, 0.01644677075621591, 0.16001038158045644]
547,[1.5967052824247683, 6.796219891359824, 0.9530184177119598, 2.7868777726962275, 0.9895747357721623, 0.0010141087274474856, 0.19481428228112152]
548,[2.2913939751997243, 9.41729598093103, 0.8760654483959741, 2.84178821466465, 1.0537860749538668, 0.003483333304043858, 0.19023228055029]
549,[1.9739807439155699, 8.172869127497423, 1.0620071100281734, 3.1021904908633977, 1.098179458716998, 0.009265089819511504, 0.18427622746941227]
550,[2.166098376399674, 7.931440676990778, 1.0330191785198328, 3.1828741991833933, 0.9881936879188694, 0.00022331832548280696, 0.2030993435522073]
551,[1.8674681684758314, 7.650151064999948, 1.1889285621256527, 3.261627579177423, 1.0636218411652842, 0.014505601298113777, 0.17014221214145164]
552,[1.9637586187357792, 7.7579455431510125, 1.0486292973033102, 2.9748735974728127, 0.9981058945325673, 0.0031382385695778747, 0.18822375003187997]
553,[2.0298758636747434, 7.973656041869154, 1.0621472751782546, 3.188338392547702, 1.0017650683156964, -0.00135787373362217, 0.2045639202204935]
554,[2.2459924816909065, 8.765090671249053, 1.0266871766027819, 3.0816375045091053, 0.9587341038163539, -0.0049394202682579175, 0.21402362503073719]
555,[1.8701880457945927, 7.034871446147894, 0.9920619731496765, 3.1396025828389056, 1.0717355699467976, 0.009228964557709184, 0.1886408508885222]
556,[1.9919618203545597, 7.353898900767432, 0.9269660564065988, 2.830360775280125, 0.9705651154443887, -0.003655227744251617, 0.20500794272291867]
557,[1.798261622022299, 7.527393483207164, 1.023851792750494, 3.0522731064767066, 1.0883177574421352, 0.013296316871792741, 0.17632844809623247]
558,[2.0992419251972843, 8.120088552157506, 1.045652434773707, 2.8711745531263206, 1.0889040111134316, 0.014005828311047876, 0.16676740995152983]
559,[2.287636505958167, 8.958036123180985, 0.9083399204856121, 2.8771550639652954, 0.9667031728609085, -0.008175792798989698, 0.21440360422698934]
560,[1.8653901079363902, 7.240169906701397, 1.1020500173881886, 3.0940297141684074, 0.9969613804583536, 0.0008771255024592839, 0.19623026940537425]
561,[2.2417053213429985, 8.190122340237446, 1.0145690172759343, 3.1716964350180556, 0.8982518930280692, -0.019178415165129813, 0.24258179775621755]
562,[2.211432204587297, 8.727202945074975, 0.995438068103183, 3.030945242324075, 1.0743426210593967, 0.009410335532839459, 0.1806818654641759]
563,[1.7788927125225515, 7.513424094465227, 1.0609164377983253, 3.065583451368349, 1.0255425161450586, 0.0015071639565085262, 0.1901842924536683]
564,[2.2797085666235763, 8.09463218325644, 0.9954953516204235, 2.9414561218719038, 0.978272503284867, -0.0004888737495008916, 0.20335878448844338]
565,[2.308204159114874, 9.035675274689702, 1.0104361620381892, 2.977348392973218, 1.0268275787973338, 0.002385629622934023, 0.19511146081066635]
566,[2.239213368979697, 8.35133391228798, 0.9763550447098026, 3.0099855903607327, 1.0255503038473415, 0.0036345908532936406, 0.18971324063537753]
567,[1.9331582948651622, 8.18903500293104, 1.0370237943653005, 2.896225221718376, 0.9735314668502488, -0.0017563339835802753, 0.20492483760247004]
568,[1.9560451062816848, 8.14152271064772, 0.9695684682659008, 2.946082215732091, 1.0446886046833976, 0.005187610415390587, 0.1859328350151035]
569,[2.287956552927844, 8.810869806787693, 0.9617926103974043, 2.8605179061648993, 1.0999205586623535, 0.012549332417256942, 0.17007691838691896]
570,[1.802918499805975, 7.457094660897154, 1.0539442248090458, 3.0956483123956486, 0.9872263290580197, 0.001836902034416298, 0.19710576405932895]
571,[1.8785586501340141, 7.2720434801844975, 0.989943977868949, 3.1308700919549914, 0.9685837527470569, -0.0016713497995322307, 0.20789983163297165]
572,[2.137021972730921, 8.742884990939814, 0.9866192668653705, 2.9820487495428876, 1.0266395494168385, 0.006719636818526165, 0.18558255917583885]
573,[1.8567942227975032, 7.464668593327026, 1.127594713966898, 3.3146283679372375, 0.9605077385717278, -0.008805091809136122, 0.224523657108873]
574,[1.8336195649804559, 7.561842529898273, 1.055935958432777, 3.172506269939749, 0.9520399019077308, -0.007490347696555369, 0.21456962092016618]
575,[1.991510699762588, 7.439477286909434, 1.0300344636068508, 3.1579292399497327, 0.9815720309342112, -0.008680101597458632, 0.2195264434594973]
576,[1.8698951070400014, 7.940340092650082, 1.0612375069044309, 3.0336077218546293, 1.0263034383619252, 0.0038771061943332135, 0.1911579485732119]
577,[2.058896015730054, 8.433411596937571, 1.0194763448373212, 3.1625658777358128, 1.0232536759521513, -0.0009341544022944734, 0.20013873483805583]
578,[1.7708576367439324, 7.58111718396455, 1.0936991295309944, 3.1351879370164353, 1.0619013183089776, 0.008931268462408654, 0.18175539286994924]
579,[1.8911233338426, 8.279732399483795, 0.9961401973985805, 3.009028648315446, 0.9874947518145084, -0.0008424986576774379, 0.2015000521338971]
580,[1.8493551746838353, 7.702366932873497, 1.0704409593635014, 2.977801275395553, 1.054774944469722, 0.005432350168399037, 0.18022275126416054]
581,[1.999324965745803, 8.03982657037595, 0.8873962116317382, 2.758173805347656, 1.052944430510365, 0.005400617284031392, 0.18475430099685297]
582,[1.8790699668303332, 8.01346566054573, 1.0071458494176617, 2.9573075455142095, 1.0068821984697254, 0.003939292020456331, 0.19990078757286045]
583,[2.4099604270181283, 8.783576653867527, 0.9248441154033088, 2.9404824896156474, 1.0237624558656597, 0.000746514548724466, 0.20131366272635848]
584,[1.750977456407109, 7.82951799231255, 1.0206629588832774, 3.0796868929746894, 1.0306947657342034, -0.0006465531641155474, 0.1972769320582306]
585,[2.319257686230219, 8.961984419404326, 0.9949567955563996, 3.0641238559894903, 1.0645548631648518, 0.002445414316098952, 0.19961443712144317]
586,[1.9868319232065719, 8.095502878173953, 1.0453123577060888, 3.0663181084893805, 0.9205342606793413, -0.00860134021186255, 0.21855057861304517]
587,[1.802623608250871, 7.648280498504819, 1.0457963734521825, 3.0189656285987474, 1.0653540311311216, 0.00544717196565626, 0.18930934117620132]
588,[2.1219491067570897, 8.683885605495684, 0.9800587996802306, 2.9416244124338475, 1.0054322695814808, -0.0012310886700993943, 0.1955344690253672]
589,[1.9577438154364444, 7.588241421137881, 0.9341547456836876, 2.787595361607039, 1.0965216828954225, 0.007581292044553497, 0.1814430238233371]
590,[2.112784330942413, 8.458232789639974, 0.8965959977028213, 2.910441429411958, 1.1232521149937171, 0.01121808725636352, 0.17477320893869353]
591,[1.8821943735671813, 7.325509305119333, 1.009248897923095, 3.0800793156485993, 1.0559878439084982, 0.005310080292218302, 0.18591589745079973]
592,[1.8875335236533906, 8.066250536875817, 1.0408903973738763, 2.976115160096419, 1.034654113705276, 0.008625151139595324, 0.1800063941498245]
593,[2.2828346280725818, 8.762054380997919, 1.011786047470253, 3.113118074937014, 1.091990536433221, 0.008309521739682647, 0.18373084744112947]
594,[2.2121425729203272, 8.260563318685106, 0.9888511939046241, 3.1071056446412064, 0.9852236310541068, 0.0016323672157885344, 0.19546474490987892]
595,[1.835801981008243, 7.35280520256024, 1.029506297646575, 3.232598186075044, 0.9837816891539691, -0.0008409052558808829, 0.20498190073736017]
596,[2.2715280030188083, 9.051560078549068, 0.9000040105694551, 2.8092683935027085, 1.020196281200703, -0.001859182828659613, 0.2019339234411384]
597,[2.155839150229284, 8.70126008370565, 1.054493197509942, 3.169396350083074, 0.9081585695171216, -0.015623997388115915, 0.2394618252082236]
598,[2.1862692736633056, 8.696396011627199, 1.0429217500376295, 3.0253357602559174, 1.083531978673259, 0.010438349115576792, 0.17388869394858153]
599,[2.0347820384305346, 7.926962794164711, 1.098271240895667, 3.2434018452711735, 1.0495318581641955, 0.007617015054744593, 0.18754907063577067]
600,[2.2439719534214473, 8.77824975123956, 1.0591368705467137, 3.0868709379080017, 1.0177576263876789, 0.00043133019996306944, 0.19915180816596134]
601,[2.4648005567689055, 8.676300027356044, 1.0084037111116264, 3.082083509693899, 1.1323755371164836, 0.017686155225630346, 0.16826549230249432]
602,[1.9118292550679379, 7.896801038810468, 1.049889006146372, 3.0578864762610722, 1.036663066158893, 0.004977546179571301, 0.18994004073951964]
603,[1.8411903861921206, 7.818940861110865, 0.8851710331441691, 2.7588553828546125, 1.0835002587748517, 0.008336701014338112, 0.18271735892662497]
604,[1.929759403707516, 7.661622742362396, 1.0353943105888912, 3.1332628178745914, 1.0224299149969913, -0.003242560388359989, 0.20911432932300403]
605,[2.4805517763774514, 9.481013815352073, 0.9754731518265806, 2.837038215082992, 1.0368539081990686, 0.004567407264049259, 0.181705145422823]
606,[2.1507572908287678, 8.438882014964795, 0.9725522849896712, 2.937334834523783, 0.9832738516582287, -0.0038406269852628246, 0.208691864853774]
607,[2.414573684257586, 9.636884011876049, 1.0033266729754884, 3.2250829165139763, 1.0128511591757596, -0.0015552166356337977, 0.20500672531844893]
608,[1.8908427215395078, 7.405369195761945, 0.9199802951360122, 2.8185694518427407, 1.0750274382498182, 0.008464846718488924, 0.17977651233757697]
609,[2.184105015885938, 9.186845941410107, 0.8798488128254549, 2.915012010044905, 0.9832719989035761, -0.007132411127568573, 0.2167994198866964]
610,[1.8908638756717875, 7.872088497476082, 1.018336810668164, 2.988117618193659, 0.9987387658399769, -0.0012664061555814868, 0.2045329968682249]
611,[2.132099281111597, 8.154759524207492, 1.0170441248813706, 2.849977977463969, 1.0692996470647746, 0.0077214167321101815, 0.17714963895492664]
612,[2.139126420780784, 8.705808024574864, 1.085649967779833, 3.2555493125041846, 1.0643208026451831, 0.0066301693327858605, 0.18821504988861942]
613,[1.7791671167508787, 7.456940610594623, 1.0388016620360445, 3.136032584359162, 1.0288457835000624, 0.005429432350842475, 0.1946991897872376]
614,[2.034452695620138, 8.364839963894777, 1.0805267742798514, 3.2448835334021546, 0.9959702816725421, 0.001518875145711558, 0.19503203559045754]
615,[2.001939520079879, 7.900459199902248, 1.012548219478256, 3.0550967397329223, 1.0504300985611075, 0.006933304134914047, 0.18706698955414]
616,[2.1812755537943302, 8.336956626150839, 1.1358144743819987, 3.2997675772967163, 1.0086648420544675, 0.0032225097058001338, 0.19808873357182108]
617,[2.129797778148528, 8.67164650794333, 0.9983306393711138, 3.024258782465811, 1.0224127894238801, 0.0013387532642370771, 0.19696149902087548]
618,[1.9119036922781856, 7.436643506048897, 1.0430634319578265, 3.243936060378644, 1.002852625512413, 0.0019072046100605973, 0.20137592292746886]
619,[1.8271061654462546, 7.59784998223462, 0.9813451173754842, 2.8821050654017593, 1.018354495052752, -0.005821604527375479, 0.2099073969324101]
620,[2.0211071572844967, 8.852218307232137, 0.9995723500435574, 2.87128799486644, 0.9333877943212862, -0.006164766804077715, 0.21203401623224716]
621,[2.2632424970675693, 8.643675323459144, 1.0844399630168151, 3.0779183774516428, 0.9362816540012147, -0.011744264021313696, 0.2248823306558256]
622,[2.327928299971705, 8.771930008692884, 0.9473220227894649, 2.953916649753868, 1.0457990149167016, 0.0008542377895597735, 0.19722225646336897]
623,[2.4380606499448634, 9.420286990630592, 0.9480199042193248, 3.148756907558736, 0.9668473075824925, -0.004309692248291285, 0.21323042655819835]
624,[2.011837546826542, 7.697451405347537, 0.959846832438508, 2.8675292851351184, 0.9405363321409554, -0.00961282325630687, 0.21505284936725833]
625,[1.8528486349834357, 7.432541148744959, 1.0154199823260286, 2.952193019172791, 0.9906055666437352, -0.0016652538473157284, 0.19797551216445508]
626,[1.8466845655496333, 7.549392878016925, 1.129787778422411, 3.1716797897492706, 1.0078969345171953, 0.008802863757008759, 0.18047606875927447]
627,[1.9170903050344914, 8.443269189926255, 0.8850404310113434, 2.7302132355087743, 1.0086839299928505, -0.0030431516907173497, 0.20087842596398808]
628,[1.7072145248581878, 7.338083124145671, 1.0739351419910874, 3.0251655131654216, 1.0664684896696122, 0.006901527151350164, 0.1840656589045312]
629,[1.825802130358362, 7.907481640934676, 1.1173618527478253, 3.057018909178102, 0.977188023843417, 0.0014640450123497885, 0.199409373195538]
630,[1.918861576087306, 8.185411848690633, 0.9958855779310842, 2.928019960438634, 1.0214319583276825, -0.004390816129198815, 0.20014919446571622]
631,[1.8951191966661876, 7.838867320396299, 1.037989231140812, 2.959355040976012, 1.0396342549083915, 0.005792233771757498, 0.18503248285382612]
632,[2.0219055618562076, 8.096533391131876, 0.9447778730834221, 2.803923956220091, 1.0448610766954145, 0.004731909176262324, 0.18788644267892718]
633,[1.7811120991184195, 7.301118828452144, 1.0087248933882824, 3.008000550995772, 1.0756852637014735, 0.009853617997347849, 0.18055773700080105]
634,[1.8620391590401064, 7.565662128169299, 1.0491267658396592, 2.945828008983946, 0.965371658764292, -0.003468643829788868, 0.20008175798490224]
635,[1.930318168403076, 7.579479597665013, 0.9808454867582372, 2.9018926280381825, 0.9556176902839959, -0.001346784569831574, 0.1966202634364589]
636,[1.8358775129082276, 7.160946383235095, 0.9802171879937259, 3.1087366728671886, 0.9921608635610156, -0.0004250568741283804, 0.20066512732970834]
637,[2.049824786762821, 8.464633553786173, 0.9780204295654015, 3.073773775282311, 1.0445667530044973, 0.00016750144269323599, 0.19746644541760697]
638,[2.2765830656960775, 9.173525810009679, 0.9550764854257079, 2.7935710231910984, 0.9982476657276232, 0.001499161120953674, 0.1999389594281693]
639,[2.407985995064152, 8.884104177582811, 0.9396011578833798, 3.0668749464714367, 1.0500794127606763, 0.009988622662791874, 0.18006283423047575]
640,[1.7046944603888103, 7.125749336005362, 0.9796004767064496, 2.8732342987908277, 1.1193139563711834, 0.015538014680301452, 0.16488420364948642]
641,[2.0007407444027265, 8.575980209810483, 1.0129199077537425, 2.861666889001998, 1.0882655309149905, 0.01057413392477286, 0.17088838932014916]
642,[2.2517002265586123, 8.585116824805324, 1.068073581279569, 3.0234385635161303, 0.9857600998402717, -0.0007212001645454493, 0.2016489370688475]
643,[2.478764360708916, 9.385941736293006, 0.8937419544210181, 2.9100607154574947, 1.0370263661099957, 0.0004051974534035821, 0.2007143902744092]
644,[2.2320522787219477, 8.73730748114858, 0.8950924984020499, 2.8848956486986896, 1.0279617596033916, 0.0035298515058558196, 0.1941300510746935]
645,[2.037726885197703, 7.986745353208868, 1.0221081844047462, 3.050011631607577, 1.0637768976345303, 0.005688156366607737, 0.18567007440927247]
646,[2.641121601935647, 9.938150526639548, 1.0722395801153202, 3.0306918629069974, 1.0421634663130241, 0.011510041255549828, 0.17951089249756935]
647,[1.9462349587448777, 7.689148530487125, 0.9175231113290764, 2.838256295494517, 0.9921166631860231, -0.004356198290517559, 0.2086158458864722]
648,[2.4953028468872445, 9.385418829057564, 0.9480986665225499, 2.9165757527611986, 1.0889477469207915, 0.01281769875008031, 0.17795372360435388]
649,[1.7236943540559786, 7.526145236936875, 1.0456141826338603, 3.058358730928083, 0.9672960938559104, -0.002338313297461576, 0.2000479939966856]
650,[2.3915201496039975, 8.817034267055682, 1.0131788837667524, 3.0792274374635875, 1.001229367210507, -0.0029708342527981087, 0.2006022434625382]
651,[1.5029313397612798, 6.481419895837338, 1.1507729911597064, 3.12654989091938, 1.008966717341882, 0.004178746731441473, 0.18919763145959467]
652,[2.1442611660213977, 8.212954271740973, 0.9314353788416904, 2.798278012189181, 1.0472417114464299, 0.004761199305420109, 0.19128170075060455]
653,[1.9653958973265067, 7.687696149466462, 0.8806488271815335, 2.870366922284868, 1.0466268561252117, -0.004747408159855665, 0.20518800555975397]
654,[1.8983815170250704, 7.377987117592817, 0.9886119893594626, 2.964265960834817, 1.038845469781461, 0.0020257125771678546, 0.19996559390245863]
655,[2.0502589282932155, 8.188211466859205, 1.2452261849433814, 3.404339561244897, 1.0089934120094246, -0.0018751506079197416, 0.19977577053189666]
656,[2.0831670999852827, 8.962380614341505, 0.9725366552925222, 3.0538357454944403, 1.0028302355859808, 0.003974850573729392, 0.19212676503355453]
657,[2.0962130537287753, 8.420335841636613, 1.03312116170383, 3.0527311079354584, 1.0380644180555292, 0.007516673485879738, 0.18079028925718432]
658,[2.474147950913086, 9.902939820159649, 0.993386308054874, 3.059529233890797, 0.9604275369010478, -0.0066621008611470085, 0.2100867998171746]
659,[1.821228082034278, 6.96297803140185, 1.0036303505031796, 2.9166445327674633, 1.0835143601758574, 0.01213535102286528, 0.17353618512309027]
660,[1.9673539718180089, 7.676679404764845, 0.8843297150405066, 2.7469870235809246, 1.0935021544576509, 0.007879828416583808, 0.18422256129318937]
661,[2.7864328440974497, 10.172758029759583, 0.9890116482432426, 2.9137619695653747, 1.0272747499141905, 0.0045877313380782775, 0.18938919919830233]
662,[2.0282097884852104, 8.375460764800081, 1.0199219169806961, 3.063857498001238, 1.1560261588118252, 0.014507546245736884, 0.17057256520541922]
663,[2.0013234478075823, 8.267592187587015, 1.0111954847288278, 3.0193802961682814, 1.0382710750686144, 0.0017458092857183297, 0.19293318707387153]
664,[2.0445201224375973, 8.655121707114398, 1.0488837419725379, 3.1399969313907428, 1.0419381111376307, 0.007150441190346063, 0.18015388031887813]
665,[2.0793191212514164, 8.015868688841284, 1.0788798184974593, 3.15012726551037, 0.9762165260656487, -0.00289923025262847, 0.2043466856576529]
666,[1.6557982699834046, 7.2331810329961685, 1.0577220361446569, 3.1336448718286207, 1.0584370234431755, 0.006764582448137574, 0.18488351173688133]
667,[1.692003251721189, 6.701802073870817, 1.0648260684887556, 3.232179835761705, 0.9234333767221004, -0.009262697617344592, 0.22477748815526785]
668,[1.92581346906119, 8.038072777452381, 0.9939741339580159, 2.9428978702515205, 1.0093359872544216, 0.0035335592099516237, 0.18995341568940705]
669,[2.029293445422451, 8.194210332336459, 1.0571829937544288, 3.150056189739694, 1.0387157256194688, 0.005031580043582415, 0.1900478827467031]
670,[1.8619439725315854, 7.802696061567199, 0.9745240584946204, 2.8438398150669415, 1.0513278372938928, 0.006703083421439678, 0.18123891691500782]
671,[1.8931302791346731, 7.968384858895347, 0.9666813169540157, 2.777900845594809, 1.0251560524382368, 0.008807084325919316, 0.18039122711708586]
672,[1.922283460666849, 7.662488729599895, 0.991012825465519, 2.937347326352278, 0.9892812674818955, -0.00451582580567081, 0.20495916319549268]
673,[2.1461148714148566, 7.842400728367027, 0.9492742462662731, 3.0108727813420106, 0.9692665731147875, -0.0024896551355412322, 0.2095486293605962]
674,[2.120254493102487, 8.888008295685621, 1.0233188288958346, 2.9480814027729507, 1.1203461661183087, 0.004591412749349302, 0.18315244956475674]
675,[2.1940331975375877, 8.726695032305443, 1.09988950440033, 3.1502331156162136, 1.0296454515381117, 0.006944102946741413, 0.18926895053071136]
676,[2.117803946803708, 8.468180449802984, 1.0514950421784037, 2.9921077051226903, 1.0044031580106072, 0.008367519628671086, 0.1808654310359878]
677,[1.8910901590807487, 7.754992754856159, 0.9863046637270801, 3.02347878048369, 1.0324068094577163, 0.0004209955634787985, 0.20009697577330882]
678,[2.2303220217898794, 9.068730861131257, 0.9225011678163736, 2.8242735660268785, 1.0768648764492426, 0.005442186696628975, 0.18400191179139358]
679,[1.416764584802982, 6.2856707466090835, 1.1427582645880965, 3.095412664650743, 1.0122996202860535, 0.001009684417663175, 0.20079209354998642]
680,[2.0053496847883934, 7.825796639856094, 0.9709485129869128, 2.970435660977854, 1.0406995666335759, 0.0046650710357761475, 0.18739192924364123]
681,[1.8488091931685813, 7.423107111718401, 0.9692703579052263, 3.025443472168047, 1.0186246313348613, 0.002218181095173871, 0.19980437647137506]
682,[1.909105748801609, 7.747637745306246, 1.0170126645912618, 2.904698469492836, 0.9116096918374191, -0.007793152991913975, 0.2168999804194121]
683,[2.2645997615263904, 8.449930710454492, 1.0428837217834783, 3.0243710601897646, 0.9666872164525042, -3.8348835421828476e-05, 0.19508526403101345]
684,[1.8172788153803665, 7.247563402443823, 1.0458942773578725, 3.0105868107625464, 1.0111094602100739, 0.00186897394194749, 0.1909473636150042]
685,[1.9889116786914989, 7.8035994223793805, 0.9579897182454032, 2.945868886932954, 1.0612182568920072, 0.0027747967996331396, 0.19205316529169705]
686,[2.1766059227459125, 8.805657545575096, 0.9587586381152952, 2.8627885530582655, 1.0239683741704224, -0.0018407504638139759, 0.19993705710260778]
687,[1.6795901703620153, 7.089186522194197, 1.0365187635754083, 3.0152411204892364, 1.071526920578524, 0.0027915982139813658, 0.1913019931508767]
688,[2.027567394906581, 7.977344235992808, 1.0385439028452004, 3.0829178312095062, 1.0036346779063436, -0.0030935988783161224, 0.20682305119217864]
689,[1.5986325657032496, 6.626446401870904, 1.038752602887571, 2.9453026178978, 1.0855794186099152, 0.010726706391582453, 0.17173646597040804]
690,[1.7979696689411315, 6.892418717375139, 1.0303684625028764, 3.1268028234126546, 1.034420156550345, 0.0028450020036126914, 0.19775275600376807]
691,[1.9797444732870737, 8.0312142197818, 1.0140068685224437, 2.990605323390097, 1.0243559843451475, 0.0022183419148412175, 0.19635241624004549]
692,[1.9678116533633712, 8.080686081458268, 0.9972885672475695, 2.879260488467253, 1.0730197030016546, 0.0009356270834509808, 0.1946240401029996]
693,[2.319807119472774, 9.259670066863883, 1.005443583222939, 2.9979111286165345, 0.9931033993650025, -0.0020795382604693797, 0.19769981156089933]
694,[2.424608507451186, 9.764949707709693, 0.9676423434039813, 2.9101702579674975, 0.9658589630489205, -0.0036194636313251157, 0.21340608175657722]
695,[1.7832912403213252, 7.342612747593694, 0.9062421061103463, 2.751316476855158, 1.108601315338216, 0.011849410417544101, 0.17840053569402925]
696,[2.2332945734510474, 9.224311616609965, 0.9644068079803704, 2.9824378127280733, 0.9944851712826043, -0.0008185790619431451, 0.2038048343248187]
697,[1.7349120316311173, 7.4953361409641905, 0.9625520547939507, 3.0933515454530847, 0.9827581525878645, -0.007557162691186378, 0.22042874798162215]
698,[2.2167640005542837, 8.50965077472586, 0.9791619189083237, 3.0110805038879427, 1.059519283972115, 0.002106872138812962, 0.1947854052980583]
699,[2.302709961792647, 8.70933123834486, 1.0732469090630334, 3.135787831398303, 0.9887488090782667, -0.003818876384392715, 0.20689404380693055]
700,[2.2566073185491504, 9.205168996694571, 1.121006870579074, 3.2624743392900677, 0.9820277663836956, -0.0021582102401293624, 0.2050735730208979]
701,[2.0893653689056957, 8.440094390935947, 1.075059690778455, 2.9929513022116803, 0.9086539172251539, -0.008703129815667508, 0.21502152997653123]
702,[1.8204037149897172, 7.4224496805336555, 1.029818303423712, 3.0292792219869242, 1.0028325374877918, 0.001649183649207607, 0.19982358331092523]
703,[2.313655235463576, 9.390276981921337, 0.94565589173807, 2.9384670460822018, 1.0358741019399158, -0.003782900530703022, 0.2051136134195696]
704,[2.1678301549794505, 8.141378820818563, 1.1193311432449946, 3.212960113107411, 1.0186259030052949, 0.0006281574873793813, 0.19054106257318937]
705,[1.653321596752364, 7.103947374887649, 1.1122055210524102, 3.0364849481551532, 0.9858476414455939, -0.006204524138793579, 0.20951748028555006]
706,[2.046564821784979, 8.302399035033245, 1.0482995129737511, 2.964677825305021, 0.9688060745891941, -0.002168788133238874, 0.20637482174723745]
707,[2.1238802677548545, 9.01724868846687, 1.1251999688398633, 3.1212612853079094, 1.0155832379402139, 0.003970570370940519, 0.19424120629849645]
708,[2.144039487576585, 8.5297982343744, 0.9850030192808364, 2.8851784607561775, 1.0627615843497797, 0.006906882000000647, 0.17547328630037018]
709,[1.9999692191887823, 8.03237849535827, 1.0078629062268358, 3.0850884036902344, 1.0162703075267465, -0.0016209321563449188, 0.1950444971062103]
710,[1.8850547819765353, 7.903048162795957, 1.0216812121164458, 3.2905407549054826, 1.0330820984136182, -0.0031986214539216342, 0.20989716323206112]
711,[2.3211179530725734, 9.598015451432946, 0.9041833422677004, 2.801206600419577, 1.0924496268372879, 0.01033929245288832, 0.17942228746174804]
712,[2.171150264638808, 8.472998612835669, 1.0445081079767433, 3.022505113709029, 0.9598215122071485, -0.002344718079133948, 0.20871137435071624]
713,[1.924724835650398, 7.509250695177855, 1.040060025922233, 3.2961914273401787, 0.9853184505326994, 0.0032102933844588657, 0.19663069496899543]
714,[2.239465120838769, 8.31120431134791, 0.9592930157533871, 2.9510485369125155, 1.0727488326783616, 0.011630896520309172, 0.17962064402319877]
715,[2.2572620246242425, 8.724416980531908, 1.0047139847789959, 2.9762856845104007, 1.0238881773775759, 0.005670173212919058, 0.1860182366297659]
716,[1.920082013478007, 7.7515342365452105, 0.9775554922114428, 3.0864122446018447, 1.0353214214420179, 0.0004947576658190014, 0.19506247216164785]
717,[1.8671785039250621, 7.313511204300685, 0.9651477257537278, 2.9571064893096493, 1.0007788673491345, -0.001479951916814241, 0.20106235048683285]
718,[2.580392901186976, 10.361835801241613, 0.9718445350434094, 2.905446302533406, 1.0575564083766273, 0.006836740152870344, 0.18000036250274065]
719,[1.7233750619380548, 7.032153534058343, 0.9270532283508829, 2.7828878816460003, 1.1780604882648666, 0.01594623307291447, 0.1644148856009101]
720,[1.768858213303543, 7.266292623322262, 1.0530317056121026, 3.24688937446403, 0.946931504459354, -0.0036330995653996697, 0.21190589955373526]
721,[2.1678644070523787, 8.680866960519943, 0.9029210055143944, 2.7356002625150615, 1.0204591416106272, 0.0013598251329626965, 0.19039072413555846]
722,[2.009757936592323, 7.772652680518299, 1.018278600737408, 3.1853400388237167, 1.0724224617096845, 0.012386325135411843, 0.17018977569161153]
723,[1.7707769171815708, 7.320233973859519, 1.082237256773907, 3.17322930015387, 1.0130406097308873, 0.0021241841851658374, 0.20006377736282455]
724,[2.7049281358013686, 10.19669981144681, 0.964266346813015, 2.8946806503467024, 1.059664820800286, 0.012663907206129157, 0.1704015813487081]
725,[1.7015619029903015, 6.741620023054239, 1.1252818680676406, 3.16587223557708, 0.9586076401567633, -0.005228622002419057, 0.21489223416702397]
726,[2.041218094264773, 8.211129494723599, 0.9485161830616816, 2.9813092808545374, 1.1021821218769652, 0.010563910294258204, 0.1753446283065324]
727,[2.072641765640968, 8.570482884931282, 1.0788018340642154, 2.9191892044337235, 0.9649335862489491, -0.005207337513080538, 0.20459605915617485]
728,[2.2048573190950917, 8.611734804794617, 0.9077514633667788, 2.969923651668881, 1.0750035792331, 0.006455348148614987, 0.18546863067119554]
729,[1.9591980347109474, 7.486771459167215, 1.039068793818795, 3.0610193606643077, 1.0693557163755032, 0.010684106877954158, 0.17536022924042882]
730,[2.4938911543483204, 10.246385174249648, 0.9852052539690087, 2.8847920528837188, 1.0129822818926144, -0.0012899986017767542, 0.1962800345652277]
731,[2.0757920594049573, 7.739341057162979, 0.98189643445741, 2.906488788131605, 1.0402077719491722, 0.007032555871812559, 0.18574905326230362]
732,[1.8464601058736498, 7.831957032159289, 1.0274774168550587, 2.940051064921086, 1.0052307884450868, 0.0033830844248425884, 0.18975515974556856]
733,[1.9143893676382229, 7.8269232158496305, 1.068699051741295, 3.009729027196489, 0.9957572103805742, 0.0005166039025948798, 0.1944566813655343]
734,[2.1000517836598114, 8.589092873166756, 0.9742714670927703, 3.0279116728632514, 0.9375996085849567, -0.0051610811675955335, 0.21971047389392975]
735,[2.174173016085984, 8.339257509190183, 1.0259085400183567, 3.0263581039665683, 1.0077086474286223, 0.0014157112886546018, 0.2049995985649056]
736,[2.1790567191782686, 8.632145691725247, 1.04956021183524, 3.1749462058102775, 0.9976997398364928, -0.003980757856876858, 0.20726738081779011]
737,[2.011679660508764, 8.118824602233598, 0.9959647837723289, 2.9848756943683394, 1.028040011456618, 0.0014407713988000904, 0.1900132818124135]
738,[2.144565015774482, 8.527665866032924, 0.9974160569108228, 3.0730644967747494, 1.0297888242888964, -0.002049715801264177, 0.20463797849102322]
739,[1.9103767034333687, 7.945386657406571, 0.9415436754266767, 2.955279566370124, 1.0930632773134088, 0.005807207417495213, 0.18530597616675204]
740,[1.8997741605314944, 7.640696820768327, 1.0390504267441931, 3.028382311603298, 1.0194209575064561, -0.0002606101252162895, 0.2036793195814602]
741,[2.0745737378162223, 8.06458777771347, 1.0984310496425695, 3.1783001851537427, 0.9283305698766465, -0.006794485893782702, 0.21089144742277965]
742,[1.9839192155163845, 7.925640048007619, 0.9854091422252665, 3.0609253214046133, 0.9926873682631282, -0.00038043561236490486, 0.2004567141795732]
743,[2.0603474624989992, 8.144254640988583, 0.9750928329203964, 3.014838528377234, 1.0478375418650507, 0.00910265662395083, 0.17764250042031937]
744,[1.9285120193902099, 8.359830206086736, 1.037517022026657, 3.082967514003454, 1.0392089884580598, -0.0005195324749890588, 0.2046873499306186]
745,[1.6624496583201016, 6.967004265762765, 1.040896942255077, 3.0269977998488375, 0.9742218615990945, -0.0022598203640053836, 0.20193162991902258]
746,[2.038563228529369, 7.678392678349185, 1.1082338740304851, 3.3484280572443703, 0.9981252054143038, 0.0012967279680734746, 0.20456502425233855]
747,[1.5983695049534286, 6.8063034618420115, 1.0803179855636902, 3.202124491654294, 1.0549723525304726, 0.010910470982208546, 0.17887990723334862]
748,[2.409999456148832, 9.235740388440204, 0.9375471175110021, 2.9823562369029433, 0.9817704595902623, -0.009401099847552092, 0.2158512015471938]
749,[1.9173518938561964, 7.440952134827713, 1.0685188184942485, 3.187210147141838, 0.9741531168329065, -0.0033580052602177244, 0.20525619431614806]
750,[2.0200966354261647, 7.839667845354262, 0.9341321100444474, 2.968131388308629, 0.9712344821490834, -0.0010034384872626102, 0.2005728395227857]
751,[2.0002637777872487, 7.404668004084155, 1.0188063634618345, 3.164618375495675, 0.9866729316845771, 0.0016193952153330004, 0.1947541837113953]
752,[2.0877517219231017, 8.697075047633385, 1.09005393363007, 3.111473472084528, 0.9649973056424397, -0.003300901501019178, 0.20601055757573547]
753,[1.8420163426842069, 7.524007588619677, 1.0255571952173463, 3.1699071853154117, 0.9890282241352332, 0.00250380029621996, 0.19503052168254698]
754,[1.728772507601575, 7.079431151538088, 1.0959714250393449, 3.051793031435751, 0.994078688099578, 0.002718446262373976, 0.19412432086015252]
755,[2.103679170327465, 8.396589102393044, 1.063158195467302, 3.164234462455202, 1.0284306359714195, 0.002778968973110614, 0.19933525251785417]
756,[2.114888743512301, 8.449327016637886, 0.9973089629255408, 3.000299027879637, 1.093884309680672, 0.007104125269306164, 0.18395889773111224]
757,[2.0698258693379255, 8.107445217930492, 0.9926727899362159, 3.0082967394673457, 1.0071969191572956, 0.0030544370072975724, 0.19863479336363057]
758,[1.756230531311291, 6.889091559279118, 1.0203419036855872, 3.007770499172478, 0.990418510276136, 0.000152636382788504, 0.20417078003891329]
759,[1.7212740202789287, 7.174044514037557, 1.106676243359481, 3.0067469213758105, 1.109747241821918, 0.008226981606820477, 0.17993901738934903]
760,[2.0025503880633266, 7.9137400594129845, 1.0100419362266668, 3.0844669480982607, 1.0282762614725287, 0.0031582265054436614, 0.1943980764488689]
761,[2.198697652926454, 8.56485466424139, 1.010780398585915, 2.984688615433879, 1.006651347737041, -0.002223114789312679, 0.198830948431291]
762,[2.2230097146221843, 9.131380711532252, 1.1328793864998294, 2.9962162802958803, 1.0930118210498485, 0.01971114361312489, 0.15511615542469462]
763,[2.0051707558328333, 8.038407188660289, 1.0241453989314118, 3.093447217276169, 1.061538854501919, 0.0067625645708424146, 0.18920623455945718]
764,[1.8881500948729542, 7.679263033465414, 0.96385512074494, 2.9171324518344903, 1.0765366419162195, 0.011050035413685112, 0.17643588657710552]
765,[2.1397594882625226, 9.116562332269751, 1.0637254051945042, 3.1646750154630805, 1.0053434444733211, 0.0012670461976798664, 0.19536749247781682]
766,[1.9930898445223646, 8.024522774104438, 1.1037752741993472, 3.1959673904750545, 0.9994060943932789, 0.00043812929442915184, 0.19636111709163384]
767,[1.8360505217323868, 6.957949887889477, 1.0149664499882043, 3.1396881977149818, 1.0224177765834432, 0.007545374559943568, 0.19002243868621574]
768,[1.768921875756326, 7.564591801576779, 1.034319343074597, 2.9543181216062306, 0.9943718366240352, 0.0025177546789084165, 0.19254810760533492]
769,[2.26711798294257, 8.972465393365223, 0.9486266300887577, 2.8984489790577608, 1.0699761328961828, 0.0037219262232161235, 0.19049712000833796]
770,[2.050352278631868, 8.791594224667163, 0.9958521185229791, 3.089450623933295, 1.0342145000639762, 0.0008085472537914465, 0.1989246160709065]
771,[2.2727011273219913, 8.975026730900783, 0.9801481290942683, 3.1032948452515945, 0.9916559056386154, -0.0023655929158878904, 0.20482817167621603]
772,[1.9946403641359338, 8.355977210855691, 1.0692117500074787, 3.0463644909388496, 0.9898775009136516, -0.0014591720608925897, 0.20981649132993924]
773,[2.1238960592990996, 8.143127496635694, 1.1634541048118139, 3.3415135383805845, 0.8869977163596615, -0.012632462864111176, 0.2348901678539929]
774,[2.1158059720003735, 8.127697878899713, 0.9450053004289246, 2.8991767823942447, 1.1052832754254152, 0.012817703289095754, 0.17383436305274264]
775,[2.13133993009111, 8.457384766159493, 1.0660702611311426, 3.0397432191999063, 0.9763581189140641, -0.0036303211674292564, 0.20556363371103759]
776,[2.006745402464453, 7.7299966666285576, 1.0264243763022325, 3.0674495868988254, 1.0965565500665668, 0.015669610863618105, 0.16628675514943167]
777,[2.0978664355891987, 8.479126799282044, 0.9766307651537435, 2.988866677179691, 0.9898079543089701, -0.002193446158316016, 0.2099840000152003]
778,[2.1305215400995974, 9.099303587012473, 0.9777633009974679, 2.92872276491969, 1.0302854116143332, 0.0029703166451647786, 0.19769312222350954]
779,[2.2153113939841926, 8.653360711683511, 0.9692191327848064, 2.9942156787625835, 1.0778358009778057, 0.010201540833943683, 0.18452149864217765]
780,[1.9799462853150032, 8.320807509947564, 0.9589377671812316, 2.902554940111432, 1.032910728544915, -0.0005377414163698722, 0.19144845612600403]
781,[2.0197491058849137, 8.866131310495428, 1.0473468913769204, 3.0062448916856765, 1.0172907215859641, -0.0005856820659775998, 0.1986121165737902]
782,[1.9715311040133674, 7.955433547140602, 1.051483510080347, 3.115648609083128, 0.9868471868719279, -0.003984720566553775, 0.21406435116308395]
783,[2.205089495465637, 8.604034703557033, 1.0940694712521601, 3.155583982384269, 0.9859955047769148, -0.0027747717166900147, 0.2107095848423631]
784,[2.1299948452156383, 8.483174900991807, 0.9881120793667804, 2.91591100728582, 1.006404292289322, 0.00317277642289802, 0.19206256678451306]
785,[2.1243596372819633, 7.896678947179211, 0.9105283338223045, 2.9493467570450367, 1.0147006918704573, -9.909075410227752e-05, 0.2013577474139898]
786,[2.2930143325623833, 8.865330752088765, 1.0647279168648252, 3.0506618738895033, 1.0143379293155899, 0.006004456197768965, 0.1865630514722364]
787,[1.9269892197467964, 7.59155847003214, 1.1481709730507577, 3.1838266340281973, 0.9722040357719095, -0.0049857240815396825, 0.2049900775333786]
788,[2.1801716882849935, 8.216116681715134, 1.1353059684350248, 3.266741087359866, 1.0714583714771486, 0.010062011243043439, 0.18201374488789068]
789,[2.2349405182552107, 8.375064842273146, 0.8962325088494617, 2.778633376045033, 1.08865756787776, 0.0136918983763618, 0.1685202958452966]
790,[1.7531755736345684, 7.174316784203405, 1.0165309541788818, 3.007459691813362, 1.0029515593493128, 0.002842311019634537, 0.19522666382768167]
791,[1.7038667620550298, 7.075625007649704, 0.9811623535038655, 2.94060733395135, 1.00545537803872, -0.0015910808386492268, 0.19984431797186286]
792,[1.769435868340087, 7.350873685305162, 0.9601999233552998, 2.835880404316663, 1.0919967702886786, 0.00636492384029383, 0.18223708485746182]
793,[2.208514373928731, 8.58132689304326, 0.9668299369436218, 2.8620942186106344, 1.0333715634737834, -0.0002532539659704116, 0.19325633026695987]
794,[1.885505325240026, 7.862936815838161, 1.1125013211027102, 3.137390819201138, 1.0220777047267393, 0.0026963289870416455, 0.1900360600425336]
795,[2.2093337768963126, 9.10873604478294, 1.0389657060108426, 2.9443479387590323, 1.083877533823177, 0.006929501669669693, 0.17869036984040587]
796,[1.672555134708435, 7.247382977210564, 1.1171286891255099, 3.1162129027827796, 0.9937438495105901, -0.0006010094906874091, 0.19807010483436982]
797,[2.1640938378928496, 8.104894863620235, 1.008846341384862, 3.0542157128794085, 0.957912150734169, -0.002950461874835513, 0.20610730300432892]
798,[1.8477357843272646, 8.045217218326433, 1.0325837814474812, 2.9013144997961025, 1.011419731384095, 0.007584692485152195, 0.18481573181123112]
799,[2.190836820599766, 8.351696308877854, 1.0453947357353868, 3.081347540841747, 0.9702629724182401, -0.0010787367536549538, 0.20084253224319806]
800,[1.9192552433671968, 7.943223577371656, 1.0886617077342757, 3.056504584933279, 1.0197229641738654, 0.0032964607403757474, 0.19369880818570406]
801,[2.162626793557372, 8.344838474057068, 0.9656660624733802, 3.0178100213765973, 1.0726106708349485, 0.00949928117751453, 0.1844515022638037]
802,[1.9322475570774371, 7.714950020962808, 0.9827436317489502, 3.122548165718061, 1.0383664717272567, 0.003993395061898324, 0.19345967626454283]
803,[1.7693277144308044, 7.326518996869994, 0.924032256099407, 2.706747320890886, 1.0459120714193364, 0.007847384354250368, 0.1825052175407243]
804,[2.1939196408514627, 8.814265569354736, 0.9517277863062461, 2.97055061146744, 0.940388898090095, -0.010095204225353102, 0.22451329535336007]
805,[2.091423567121066, 8.271185711067575, 1.0312889230955011, 3.0663814799482956, 0.9519732100854008, -0.006994995378321435, 0.21039042307597955]
806,[1.8211009524108734, 7.442446120975697, 1.0828676551274854, 3.190954945803526, 0.9875603677867769, -0.0001363793259741981, 0.20057240024910658]
807,[1.8407244667517875, 7.635503590918341, 1.0728071420430323, 3.1432797233358647, 0.9845729024748212, -0.007359318403659574, 0.2139558055281281]
808,[1.8135566381725008, 7.577747311072648, 1.0309694287961775, 3.0604761940815246, 1.0386554608431355, 0.0013441204296104126, 0.1938349964025955]
809,[2.3178351889715114, 8.920161400562154, 0.8939449498052067, 2.868960949790578, 0.9613543347506716, -0.010267024121240191, 0.21692425842253693]
810,[2.0976481030057332, 8.056535427352063, 0.9535233780000122, 2.8031374707556105, 0.9758709618142628, 0.0022997963305333674, 0.19297178550198713]
811,[1.8123363543996536, 7.431103801061819, 0.9536589536364923, 2.9310199011700018, 1.0165009825438107, -0.002535354524158998, 0.2011973813460266]
812,[1.89470006583136, 7.655860038270474, 1.0731510705109002, 3.169411143970769, 1.0403389533163434, 0.0068601092309806795, 0.18818177439308373]
813,[2.4678503241631096, 9.744949158587271, 1.0346697003033594, 3.0798702737641097, 0.9255128261240598, -0.007145999610172016, 0.22396256344852467]
814,[2.2227755458074276, 9.60374052092857, 1.048202029018382, 3.0433764600780044, 0.986187513839345, 0.00087712679355131, 0.1951059385331748]
815,[1.5866383544475335, 6.44049310720793, 1.0344765523237538, 3.11838742390224, 1.0284816442798939, 0.005154935233856696, 0.18861726842684878]
816,[2.13990258019937, 8.358024622678272, 1.076811977303509, 3.1686106429371743, 1.0977187105723123, 0.009609278387285583, 0.17503600374070682]
817,[2.003291719822282, 8.433165522785243, 0.9740400307216597, 3.099097599834068, 0.9577585020961701, -0.006030030094350699, 0.2188676878392456]
818,[2.227185636192257, 8.754809712160132, 1.0758943606008344, 3.0851791969678057, 1.0037761898518331, 0.0003107992610296347, 0.20491294312341787]
819,[1.8134528223468456, 7.4132017884874175, 0.9588357535556024, 2.9006321621166844, 1.1222111924934373, 0.010663524344215535, 0.17421047018814673]
820,[1.832542811081691, 7.609491623196811, 1.024195813942164, 2.9884313645847262, 1.0719246609549677, 0.01263070241235225, 0.17578447134963296]
821,[2.165160137855746, 8.50041265741511, 1.05547744283977, 3.0913958232310823, 1.0092276139877239, 0.005089314860682177, 0.1948574774636252]
822,[2.3480223922022048, 8.914548242404846, 1.0262965701546978, 2.9207143069317576, 1.0940859291780036, 0.01327373427685267, 0.16717110013607916]
823,[2.002435643564568, 8.018451455442694, 1.0722892907153512, 3.0096377886813657, 0.965623588974495, 0.0031840941959781384, 0.19999315681861454]
824,[1.4928463450136296, 6.324404975704048, 1.1718826551365655, 3.1280518903771637, 0.9594895093162606, -0.0014097083184967869, 0.1970060597486588]
825,[1.979096255494122, 8.28312494681308, 1.1309974554280615, 3.09810853006268, 0.9798411543546084, -0.0017328636565245895, 0.1978622010306288]
826,[1.9873572174765428, 7.873039524011735, 1.0566877116546423, 3.059771822653122, 0.9950923760939263, -0.001295541414797302, 0.19505160164595015]
827,[1.5666699706112126, 6.741700504937415, 1.0107740956654416, 3.0311868557524146, 0.9554310335377607, -0.005997741468458541, 0.21522251246179505]
828,[1.7139035330301493, 7.297903103629185, 1.1408619412948473, 3.087290342955511, 0.9960254791566527, 0.00238991258500373, 0.19050560866503402]
829,[1.8811688568618001, 7.852372327233423, 0.9783510678615435, 2.9907385147988057, 1.0816492683096046, 0.004953298089488646, 0.18128818895417909]
830,[2.2986868637440714, 8.474879461587152, 0.9171855174954074, 2.9374803553797477, 1.1368571493017015, 0.013613020552654904, 0.17444237484663075]
831,[1.9052570937518094, 7.977315989703742, 0.9890725407260441, 3.0086902027978786, 1.0914857777973834, 0.006693349201028373, 0.18770174271196552]
832,[1.8271166456475894, 7.176685848696043, 0.9954892772149595, 3.0431553174268378, 0.9507994065808661, -0.0047645958762289895, 0.21393195750072713]
833,[1.8923870599082335, 7.792566065003018, 1.0460877387738359, 3.2454850560775204, 1.006490890631574, -0.001391562757028289, 0.20413918913926588]
834,[1.9493854105597688, 7.532435521382655, 0.8959269225920373, 2.9672590372272087, 0.9869264874031842, -0.0003195848634891236, 0.2023770941873909]
835,[1.9537819790726094, 8.249505362836452, 0.965665761770221, 2.8730809983053307, 0.9937323769911984, -0.0036134666135201952, 0.2048584239795901]
836,[1.9772237213956392, 8.083846917990758, 1.1254296235320278, 3.374745812905044, 0.9917530707721779, 0.0007677532591089405, 0.20416190957712504]
837,[1.832862701961387, 7.343315251910667, 1.0340329805525474, 3.1253073495630637, 1.010331065420104, 0.0014279366688346026, 0.19745351424429203]
838,[2.57207574947911, 10.321515047936208, 1.0634095746821084, 3.10524834371922, 1.0486034914484619, 0.007476238703273889, 0.18212104411069474]
839,[1.9241537180200918, 7.966052069070324, 0.9259820298409606, 2.945065373997108, 1.0720092326505286, 0.007863693568179866, 0.1897240958541957]
840,[2.137493545366839, 9.048404367920488, 1.1382612319363448, 3.2065879813886493, 0.956250291969806, -0.0007117748562161429, 0.2083104300205479]
841,[2.3499218101462174, 8.811728736791096, 0.9949426358999542, 3.0394419756270454, 1.1202232671874892, 0.013113814363294118, 0.1699923553937669]
842,[1.9728080883224424, 7.576639263682434, 1.0352406021625271, 2.979792053572409, 1.0001528088731282, -0.002058217673729647, 0.19977387335850616]
843,[1.8656350089432079, 7.360352861776646, 0.9863178468657533, 2.897542684079546, 1.0338425310650114, 0.001121660173590831, 0.19891737703623447]
844,[1.47431191644595, 6.622001541867277, 1.1176167245592734, 3.1270818567029006, 0.9586701203271456, 0.005114955150367591, 0.1920877490387802]
845,[2.2208156303107565, 8.988031414640401, 1.0354672331549482, 2.9320082224241886, 0.966427462788945, -0.0004220724648965147, 0.19642407404823037]
846,[1.931404112533163, 7.593927172623641, 1.0173658080367227, 3.1430672444282237, 0.9702541550057996, -0.005501044372065781, 0.21068059361232333]
847,[1.8852908979309344, 8.061740034626606, 1.0786863176982968, 3.045340320861116, 1.043872974314317, 0.011163917382412842, 0.1792230938197906]
848,[1.8312347136727773, 7.998835732689665, 1.0416444784246874, 3.2028289285536227, 1.0825030964404019, 0.011631205749058855, 0.18256742784155677]
849,[2.1799138474021853, 8.382676635522715, 0.899641528668193, 2.8386121337561283, 1.0794613366658132, 0.0070061440403223025, 0.18510219443935638]
850,[2.2313124900281673, 9.18837279092365, 1.1009590755555771, 3.045629752387495, 1.0184802018622936, 0.0034688755634749873, 0.18989894940210073]
851,[2.109352199204644, 8.733857603574986, 0.9197010983357038, 2.738765208643438, 1.0487870986645735, 0.006765674398728394, 0.18108775731413684]
852,[1.9987590376693183, 8.648371861863918, 1.0265470283689457, 2.922999300019302, 1.0054780636129528, 0.005914542561249524, 0.1854692384152905]
853,[2.039782221919142, 8.24384209006423, 1.0157022204994275, 2.9216177230244975, 0.8878818467874902, -0.011415147621176928, 0.2298826126876906]
854,[2.345012665508303, 9.712333067714743, 1.0319282152566096, 2.88223040251273, 0.9606360436933492, -0.008463993736108283, 0.21572652482214882]
855,[2.20574908223545, 8.871585402152421, 0.9383602671361747, 2.838721547754697, 1.0353837268111157, 0.0068685149197887626, 0.18952108118716499]
856,[1.8644781930601266, 8.024783292621315, 1.059879867907516, 3.0707761643193368, 1.0164138992348373, 0.0010959676258147477, 0.19770231028682111]
857,[2.065954040754685, 7.993942628369098, 1.0016087488372765, 3.20398117880437, 0.9727537572107203, -0.001029251378266131, 0.20770826158845068]
858,[1.7122143916917332, 7.218545129659892, 0.9832053328637068, 2.9665425159613594, 0.9877953906737885, 0.0020269146369118764, 0.19504652359613123]
859,[1.8324579509994545, 7.473605601256031, 0.9549516540206113, 2.9160733992435413, 0.9802924641819348, -0.0009689524854749526, 0.20022581396794115]
860,[2.1611149538465075, 8.707614337036508, 1.0772554856876648, 3.0427672570239555, 0.9916701911853792, 0.0012850192238779065, 0.2024677148912815]
861,[1.527361730957067, 6.657590432938834, 1.0022863081628792, 2.979753324911673, 1.018466591625287, 0.0022431983504708785, 0.19293220376812859]
862,[1.805409941063822, 8.502071941338707, 1.0318295193543854, 3.142812918136582, 0.9369485087538902, -0.009240036147149272, 0.2203676281383954]
863,[2.3619312674608466, 9.587202626633433, 0.886212553846612, 2.7051419118440774, 0.9719431631671673, -0.00800963399261452, 0.2096734409040153]
864,[2.23581048670578, 8.871713697662479, 0.8947459839366186, 2.7525611447355685, 0.9986174370812069, -0.0016385558094296712, 0.20404602825248278]
865,[1.9822035588432223, 8.118384287822401, 1.1878898531588022, 3.3719663956910204, 0.9469429409129388, -0.00514091030076218, 0.2199955977328966]
866,[2.053868322733338, 8.233691980492718, 1.061283066095968, 3.3255698000094527, 1.0104592958845604, -0.0006396236476317721, 0.20006058403860233]
867,[2.2440234538093873, 8.770719064866373, 0.9222435428516996, 2.749997192513482, 1.091835336347072, 0.00519948002465737, 0.18929366398894948]
868,[2.079052402587036, 8.404197959780737, 0.9371728810139028, 2.889134679517684, 0.9969378640271835, -0.0029314733308169875, 0.20009084357184492]
869,[1.7239211949135353, 7.725881317180901, 1.0718793713609254, 2.928257578459526, 1.0101885955516015, 0.0013061629917314836, 0.1940711511126466]
870,[1.8416234807238696, 7.527235486109971, 1.0293736516402585, 3.1519138776276607, 0.9540632345067777, -0.011411318757355226, 0.22341744642296393]
871,[1.8754766462613743, 7.657056181844396, 0.884525225704468, 2.9761838446250137, 1.0413564638832615, 0.0019740842947601877, 0.19696216015126705]
872,[2.2593303323170875, 9.14767635793775, 1.0485819628063768, 3.1437317715132567, 1.0746884976499127, 0.011092977882430254, 0.17759448151320645]
873,[2.220121852721314, 8.815459433172691, 1.0982673599539594, 3.166005443175891, 0.9496420282731547, -0.004767773861003959, 0.2141935475011571]
874,[1.8600782190010379, 7.2908573250955255, 0.9174592377307337, 2.8064037311501546, 1.0454323402189398, 0.004632991324798866, 0.19002991263292107]
875,[2.091041421815666, 8.076762928666982, 1.1138670076393207, 3.0497183676235267, 0.9181939419597834, -0.008636482788699502, 0.22271970355821924]
876,[2.3316033530660523, 9.130096505807014, 1.0840368545515064, 3.15318722180092, 1.0298543051520317, 0.0069753363847892755, 0.18655204882470688]
877,[2.0472598694023656, 8.787938531638002, 1.0758582780762986, 3.0027805037466297, 1.0088199097485542, -0.0005890217685339591, 0.19520303262770244]
878,[1.9747725835066423, 8.254353728360803, 1.0586147220277002, 2.9661470580180773, 1.0112174587853675, 0.004291724780787471, 0.18501142144483418]
879,[2.0631298512748066, 8.683892719625865, 1.1968163828637066, 3.2101822630135337, 0.9447559498592071, -0.003235268206668235, 0.21172984453909421]
880,[1.9487550716295219, 7.753871317705411, 1.0073847168388117, 3.0430635179289807, 1.0138533765428752, -0.0014327791273057388, 0.19565249777835914]
881,[1.8993534865337784, 7.8816298111950545, 0.9534659818913309, 2.9085399145090607, 0.9923766048987972, 0.0006456715165827766, 0.1936431191308281]
882,[2.476183122836067, 9.949253596399739, 1.045653568464415, 3.021097646942687, 1.0073188503787758, 0.005933676222693817, 0.1850142765499938]
883,[2.0100818798583466, 8.118008746066973, 1.124543047706361, 3.1639068607959553, 1.0244108975308257, 0.0035273468753280494, 0.19474524076837885]
884,[2.035894093179151, 8.102151977082105, 1.0288263350194211, 3.1665870601879287, 1.0659116608112529, 0.004231548082221837, 0.19364686974584977]
885,[2.2910868636978914, 8.401789304169148, 0.917796910288933, 2.9631943500662206, 1.040711941814996, 0.007861078191929702, 0.18819407737866528]
886,[2.0147798464899864, 8.606567497926937, 0.9477423865059217, 2.9410278820200833, 1.014378061288937, -0.0012912515698914528, 0.20034584195627508]
887,[2.033679094725543, 8.12222591215652, 0.9747536490776562, 3.143425807351552, 1.0162687355638451, 0.00028018592173440697, 0.1968540154688735]
888,[1.7949126445991275, 7.345937479890114, 1.0827799276032448, 3.0359769923178987, 0.9881147026767616, 0.0013878797958878314, 0.19100195550294619]
889,[1.998362791018072, 8.264148860515164, 0.9935154786467298, 2.9037307679410924, 1.025995597462284, 0.003527727166909001, 0.1942587077875435]
890,[1.9494592574990304, 7.832417895720537, 0.9938155431298276, 2.9712128547873093, 1.0295857776484656, 0.00325394797756786, 0.19977651453937262]
891,[2.2891919512720245, 8.910674035482112, 0.9416049252018055, 2.8361710266297213, 1.0104645834955739, 0.0013230573387426386, 0.19495490292466455]
892,[2.3778097278169206, 9.043942078795185, 0.9036994496153687, 2.9841182487956592, 1.0421868124914309, 0.002087417634349757, 0.19881487455211785]
893,[2.1260015753880084, 8.491514788492578, 1.0691605561006243, 3.1994339772844835, 0.9776862710660053, -0.008031924340092244, 0.21646541930958868]
894,[2.163469833832797, 8.540136167786589, 1.0988120609901357, 3.0175028348018658, 1.0303513150185266, 0.003970602542906543, 0.18951487725428062]
895,[1.6541630071389783, 7.050403252852493, 1.056661044002325, 3.2642758216244885, 0.938777513543998, -0.009857332070660788, 0.22595471202111464]
896,[1.9621017193189398, 7.658595658373223, 1.143196555028488, 3.3255086448957183, 0.9610588346943197, -0.00504910898551901, 0.21086638123988566]
897,[2.1174734072337476, 8.317940571049492, 1.0148877659907338, 2.9642283493421906, 0.9711391932574983, 0.0005223442708499183, 0.20185058335029546]
898,[1.8065645822510272, 7.470743389203696, 0.9902881316362196, 2.884211164369811, 1.0509813065441955, 0.009193331483713011, 0.17998935414562933]
899,[1.8841153148378225, 7.713970009904728, 1.0853316288982748, 3.088624336937001, 1.0105016376949902, -0.0034201725090859665, 0.20947988204550558]
900,[2.1314504538022754, 8.153080875352156, 1.0416993567239345, 3.0574895620197, 0.9645877731309708, -0.0026262467858042967, 0.20078518425595804]
901,[2.06163657528716, 7.954732752410531, 0.9996184804671987, 3.041134130449685, 0.9555617069352794, -0.006671190455835148, 0.2113374915348447]
902,[1.99866415004989, 7.508197986124375, 1.0851197532076935, 3.1668962390993176, 0.9950513887552502, 0.00253141499454179, 0.19568269297521454]
903,[2.296766900854593, 9.096613856798442, 0.9583632963180039, 2.8416278539598654, 0.9979041253765322, -0.0037624437975816525, 0.19614741197914487]
904,[2.335127110443312, 8.797912865246623, 1.0931771693504064, 3.029875478737148, 1.0301504054890298, 0.006045730450820412, 0.18366275672407195]
905,[1.752355187950739, 7.3183616795941235, 1.023041218012471, 3.156355020621673, 0.989854402434224, -0.008018500472944098, 0.21127357917476286]
906,[2.0165468289863897, 7.85866755199064, 1.0974850188619305, 3.1452205481630924, 0.9886272811028929, 0.0029789197186861657, 0.1987900837183836]
907,[2.3717513466276765, 9.18492516428627, 0.9379037629742748, 2.821421924431404, 1.0005811705758836, -0.001484640096903539, 0.20332868514772254]
908,[2.0417314551994736, 7.86101065054524, 1.0402526898086575, 2.932938096209623, 0.9925795350778732, 0.0018183039393560262, 0.19456187917864798]
909,[2.129258870637257, 8.222277868875992, 0.9489121619200442, 2.9007905401821295, 1.0356137242935568, 0.005579147524940301, 0.1899097410928245]
910,[1.6656668812493223, 6.729047740660412, 0.8920216830398204, 2.9233201195125016, 1.0123392639240993, -0.004261622766883796, 0.20598982937670074]
911,[2.2358702661977494, 8.653912053785904, 1.06409955178379, 3.198994492031976, 0.9557237550951971, -0.005478007662467333, 0.21967924598833002]
912,[2.159491375563717, 8.357363179906022, 0.9078695893988024, 2.8389309844330324, 1.1028020521725639, 0.010481777798285852, 0.17546768069378008]
913,[2.2356348108043917, 9.236153456856853, 1.1090953777876187, 3.0592904968805437, 0.9773805115197369, 0.0016777174445684936, 0.19567755076063853]
914,[2.0716212305240043, 8.320434172172689, 1.1088328706937276, 3.115005139003279, 0.9283077302234386, -0.00797779809470134, 0.2149935438272792]
915,[2.064841523843444, 8.13553582782557, 1.055574017911933, 3.0692748809916934, 1.0896187023957382, 0.008349928277906876, 0.1807017311088512]
916,[1.986767029320439, 7.980330316263351, 1.0587924671539883, 3.0800344374845956, 1.0150770721509257, 0.0038191511729718467, 0.19052118244088023]
917,[1.9011474961073653, 7.767759816117512, 0.9891327793250988, 2.991859380906494, 0.9604241846281918, -0.003942841741829494, 0.21433256640779794]
918,[2.1783377871357916, 8.277680716475132, 1.0038894944280354, 3.1072872196174783, 1.045879305362453, 0.00727956728432401, 0.185704288427365]
919,[2.097258690000365, 8.683707761419619, 1.0727852246360687, 3.133362799593096, 0.9946244090768211, -0.0018597535322011293, 0.20024212679026332]
920,[2.3369950858473896, 9.447337138356962, 1.0557919483695608, 3.063946869661644, 0.9932381411054921, -0.004012932290463014, 0.21493073232892063]
921,[2.190058828901728, 8.188072601022219, 0.9868317072534456, 3.044022232249428, 1.0729260315729183, 0.009104300876021766, 0.17845935012891012]
922,[1.813951617545653, 7.3359081765185215, 1.0366115650991583, 3.0484688134566946, 1.0570092557123143, 0.007600490554645002, 0.18854164739502435]
923,[1.7012928699352983, 6.980245485112901, 0.941725061098361, 2.850364556479125, 1.0739272961602067, 0.007578775702760234, 0.18354805963643986]
924,[2.1045968798009724, 8.683382355667911, 1.1954031485837404, 3.2137571978083286, 0.9744073106314927, 0.0025483211000604917, 0.19516729431424812]
925,[2.2414727658340703, 9.04923394137254, 1.0144991762271978, 3.1345760676176386, 0.9986194699051196, -0.0032821288692492447, 0.20577024398634416]
926,[2.2221159044266976, 8.596745383191891, 0.9085822254597133, 2.9842653991567314, 1.0288086223201334, -0.0025350353595351175, 0.20132471961493936]
927,[1.9755258443139103, 7.85861981529197, 0.9922959607858631, 3.065091612698235, 0.9329560746406942, -0.0112576126421668, 0.22612677707453865]
928,[2.0757548302747004, 8.054992608534702, 1.0696367866801149, 2.950962532030794, 1.0360807642886372, 0.0029810553133541528, 0.19024191772656746]
929,[2.0975603687299054, 7.888612127269183, 0.9622072807707732, 2.918948298760603, 1.0572376187397556, 0.005424934181134313, 0.19370488568979763]
930,[2.097079162388894, 8.448711692139836, 0.9414491323750167, 2.983766166043318, 1.0309543975093551, 0.00029095574311431674, 0.19509828311850222]
931,[2.1197285156122447, 8.40595842089779, 0.9577447912289077, 3.00880105532885, 1.0016266232348556, -0.0013207215870099597, 0.2053141433311566]
932,[2.588341877575059, 9.779544489801255, 1.0625170033462914, 3.064349599482038, 0.9862418705137234, 0.003986548505823469, 0.1938350620181396]
933,[2.298639745413409, 8.85077509801435, 1.0113743162435604, 3.0813082620049257, 0.9979560435312954, -0.0041126724933952565, 0.20434447467084826]
934,[2.0503173767000065, 8.295123823517475, 1.0107846374783032, 2.995741058270944, 0.9673767901574252, -0.004598095786926466, 0.2097812625363672]
935,[1.6274023242606321, 7.180829361520695, 1.1431173298882553, 3.172116509322134, 1.0313898829617127, 0.0018285899345718134, 0.1944126029026867]
936,[1.658207774824469, 6.803765043009017, 0.9024051297626485, 2.957782340979466, 1.0751825548744132, 0.007829097832477504, 0.18262243350968785]
937,[2.564319892526829, 9.109485167903635, 0.854198874953537, 2.7797581139306913, 1.0005217068291141, -0.0016698336325170833, 0.20983354858766123]
938,[2.0054898516001067, 7.9541344737324176, 0.9473270249942568, 2.87030251801929, 1.0880288874819473, 0.010662488852151106, 0.17207859994565944]
939,[2.4890250732365775, 9.698294572827125, 0.9629539961547666, 2.8904635819262894, 0.9927740522347127, 4.991342143757274e-05, 0.19999077141761798]
940,[2.0704150512835464, 8.638443466679417, 0.9436993844594328, 2.8271844618287756, 0.9923515630282189, -0.0048778927832086845, 0.20478378955753995]
941,[2.0377650780631633, 7.409259789725092, 1.0431828778499341, 3.1707822652851467, 0.9526234590040715, -0.0010773334012391218, 0.20412418611567218]
942,[1.7216363463992872, 7.403722537729125, 0.9619545141287188, 2.920201624306865, 1.058414843531927, 0.0026410665584822865, 0.19500833091935127]
943,[2.3860217695171513, 9.718932687352233, 0.9694403146251303, 3.0776591393210877, 0.9729155704064439, -0.0033735605147275534, 0.21124574809074692]
944,[2.0012110491598674, 8.343001633022578, 1.0212123464617096, 3.0283184274725286, 1.0268151233071023, 0.006166929544498543, 0.19257117472725477]
945,[1.891105121707372, 7.618535447509938, 1.0264441118503391, 2.941904478156112, 0.9317106530585748, -0.0032542480182889267, 0.20050262250692774]
946,[1.9628235068463138, 7.746129471247618, 1.018166817551895, 3.0875260759750516, 1.04527899965745, 0.010367578222925495, 0.1795545495529891]
947,[1.9620891476409466, 7.919645025582588, 0.9831767805582264, 2.988363024331352, 0.9741094006965687, -0.006289157559062001, 0.21488063902021282]
948,[2.078037648990834, 8.42283041838173, 1.1905151185509124, 3.4646880297335194, 0.9818800328008721, -0.005245198634205444, 0.20785386170920395]
949,[2.299328254849354, 8.753055930739118, 0.9120223218088216, 2.7853825026144428, 1.0681687009892191, 0.004387131806519236, 0.1860684346434411]
950,[2.3827986390927016, 9.28260435812542, 0.9693180965719087, 2.8664136232316237, 1.0130596260989304, 0.006254772545663134, 0.18599042516887923]
951,[1.8889532000429075, 8.11690043530685, 1.0916952158464952, 3.039035769508319, 1.0518937004632896, 0.002072317679823061, 0.1886807856904702]
952,[2.195012818207009, 8.360958604982072, 1.1523357666148297, 3.2068647509012944, 0.9649928663853473, -0.0010699591806771736, 0.20122334144434012]
953,[1.8451402659766774, 8.02963237048698, 1.014650968377702, 2.911498997106707, 0.9821035035734981, -0.00238543941690493, 0.20113996341649298]
954,[1.980413968277814, 7.924324200179073, 1.1117227968783507, 3.0725852625424057, 0.9665225366487804, 0.0006543079022096642, 0.19124721628811692]
955,[1.494576693052909, 6.756451127567882, 0.9050149633896953, 2.9842643052849884, 1.0527262495003422, 0.0018712147026433662, 0.1987984434469177]
956,[2.351882916205927, 9.081778296586457, 1.0704925779455412, 3.1858428024874637, 0.9277362097640752, -0.01652234266534218, 0.23179445467011273]
957,[2.2237297523429436, 8.800903044950912, 0.9278930185485394, 2.8609429197150873, 0.9689651261625319, -0.0007508982850576052, 0.20765054204876054]
958,[2.029357517933367, 7.94115271585085, 1.0224757177902428, 3.085442378319276, 1.1373358440311685, 0.01353712866286008, 0.17155705973811686]
959,[2.416463198405295, 9.125432527663197, 1.0893238951930446, 3.371238686749756, 0.9768611280301196, -0.008346542303728314, 0.215892571001457]
960,[2.1318555429367163, 7.676886466243293, 1.0656316102104664, 2.9803415857658684, 1.077997608137155, 0.010508176747109759, 0.1817033887957181]
961,[2.1081319229390236, 8.472390357983368, 0.9245697841456346, 2.8176719035898365, 0.9844088927279951, -0.004286849600771146, 0.20599050681507422]
962,[1.752542033873641, 7.551141757163102, 1.0144787712799885, 2.9074543944510567, 0.9287842957227767, -0.009017712627846055, 0.21675788373875227]
963,[1.8447669343543467, 7.110481866327154, 1.0228945561550395, 3.0606849615631275, 0.8953463851082079, -0.01090466811585193, 0.22593917995739757]
964,[2.1194000517105067, 8.701320073220138, 1.0670784928993793, 3.020187776579187, 1.0015418995540355, 0.002580838748394123, 0.18940706490076664]
965,[2.216403409961398, 8.589534429359668, 1.1086968952609917, 3.1949160643325842, 0.9825640506772135, 0.0002570733958361581, 0.20487819123001294]
966,[1.8028094332771318, 7.513815363648878, 1.0194311145373314, 3.2249817605427653, 1.0082275961376421, -0.00644690847411917, 0.214096845872399]
967,[2.038207104313009, 8.394118676976351, 1.017097302902907, 3.0320513291138615, 1.0129594181851636, 0.0033945194201660442, 0.19466675934889555]
968,[1.7245714112290425, 7.467578463946353, 1.041186544460018, 2.9189075609640005, 1.0669592365864096, 0.01045850722563121, 0.1752186687732299]
969,[1.9926164470480527, 7.514378181910826, 0.9456094430049934, 2.8028339122233494, 1.063169170684568, 0.007683816834448282, 0.17725457274544199]
970,[1.9709246307195114, 7.566317650259246, 1.082508995544274, 3.146607045555249, 1.034011031774154, -0.0005671999885908705, 0.1955904973205213]
971,[2.007729801466471, 8.32094364368292, 1.0183750022773534, 3.02726886484017, 0.9814903048234166, -0.0017938216699371946, 0.20326782108480781]
972,[2.2622868614869835, 9.044379938220228, 1.0198332774250896, 3.070358435569333, 1.026836985201252, 0.005159446170851991, 0.19018579255556267]
973,[2.1630826593660744, 8.413124588042972, 0.9006366392428801, 2.79934694804729, 1.014292881953809, -0.005408392320962904, 0.20528841490106767]
974,[1.960213861937842, 7.694735743386465, 0.9329993708252364, 2.9008148784745322, 0.9984073478699103, -0.004429971713443934, 0.2084488692062604]
975,[2.0037627079676126, 8.02827253844649, 1.0012101530136623, 2.975278758245537, 1.1139260123993149, 0.012419875796448104, 0.17018485124564078]
976,[1.9355137602168189, 7.996492674452584, 1.0302863577191512, 3.067645376880321, 0.9705587871777527, -0.00543573259453456, 0.20557860982068477]
977,[1.9648041477901967, 8.145098291281572, 0.9576634156035969, 2.8664737508294436, 1.0313165690125898, 0.0014511546764144443, 0.19526487015436164]
978,[1.8237787074081069, 7.37319411475195, 0.9811208117039283, 2.991088869259909, 1.0575709000004792, 0.007326813296237263, 0.1806750373616537]
979,[1.8132737137243689, 7.618808013506255, 1.0311294382294103, 3.005026636255024, 1.020726004898732, 0.004700069420896057, 0.1898083897104037]
980,[1.9856646467187347, 8.035716784409551, 0.9497426049050304, 2.831250594404745, 0.9385260474536586, -0.006872303638872146, 0.21104377377190953]
981,[1.7743275269691643, 7.067198521390296, 1.0514830699360642, 3.1823302958817234, 1.099196626182745, 0.01175885336055215, 0.17884098193932713]
982,[2.2285631166410065, 8.862593629143802, 1.1127938277382923, 3.1226336886132855, 0.9390699153425774, -0.002157345763401495, 0.20502742013047576]
983,[1.9714118732486992, 7.9994515447843115, 1.02512912580909, 2.98237276517986, 0.9636684568692421, -0.0042904168490221105, 0.20515714112898095]
984,[2.041431142351499, 8.223942293475995, 0.8962177210123031, 2.8188289512592815, 1.0228764045284795, -0.0019234550352738421, 0.196044881380243]
985,[2.0630611176542155, 7.819629287370359, 0.9876414107149522, 2.894840941343118, 0.9654627885295289, -0.004088084510446871, 0.20534996972722597]
986,[1.9003079259303, 8.082577357488923, 1.0039167272386023, 3.088826679105722, 1.0126223387843072, 0.0039006403392873867, 0.19752141444093146]
987,[2.0691495009474967, 8.00494906053852, 1.107686302865902, 3.281445417999072, 0.9934255569964515, -0.0002649298907675523, 0.2053676795723034]
988,[2.5447123487560623, 9.305637804498623, 1.0699482925455077, 3.1243646571139707, 1.044642725947149, 0.0017755022800006201, 0.19300986485923322]
989,[2.100872358379451, 8.572175653395513, 1.0876606753192692, 3.119885032988976, 0.9699969747509797, -0.0035915299155367723, 0.20565783258894976]
990,[1.9526909612496113, 8.713652498499004, 1.0204431993703662, 2.921393964379085, 1.0329972052721241, 0.0029895525828813004, 0.18523693038423994]
991,[2.0664468901474558, 8.242587914752185, 0.9328472247985823, 2.908610648307372, 1.05248766843542, -0.0008210245345587675, 0.19964062205129862]
992,[2.026657968379331, 8.229612894601347, 0.893444379639649, 2.7899519345745176, 1.1002701154941212, 0.00919365465862248, 0.17992503482617536]
993,[2.080598724185061, 8.111262382458113, 0.9928848062700493, 3.0575622263593845, 1.0882564183112946, 0.0036451922270337982, 0.19233997085166551]
994,[2.0521497428581275, 8.342074395175175, 1.0372239838116462, 3.1808542242460773, 0.9704006779576962, -0.010761925456259059, 0.21712022868247616]
995,[1.800503164862024, 7.46341017817256, 0.9857395716520398, 2.8700552137606974, 1.0493467817185982, 0.00328526367600376, 0.18976509791301754]
996,[2.2583495468580055, 8.71113902236616, 0.9174753883383421, 2.9184756126465374, 0.9672345960309627, -0.009918448393508186, 0.2190774080934692]
997,[2.129342405255069, 8.783206509692974, 0.9145471840639174, 2.909199743238422, 1.0239450945889044, 0.0012437511658291627, 0.20483176675629297]
998,[2.393418139312073, 9.159822270867805, 0.9040731152209219, 3.1191670208227644, 1.0174805584694417, 0.0011027414984111916, 0.20161227364844375]
999,[2.0021809145173077, 8.341256802617053, 1.0937964339259707, 3.1347716913996457, 1.0562158319040686, 0.0035231700433534735, 0.1879257454884269]